Started GET "/" for 127.0.0.1 at 2026-06-08 11:43:04 +0300
  [1m[35m (2.6ms)[0m  [1m[35mCREATE TABLE "schema_migrations" ("version" varchar NOT NULL PRIMARY KEY) /*application='Store'*/[0m
  [1m[35m (0.2ms)[0m  [1m[35mCREATE TABLE "ar_internal_metadata" ("key" varchar NOT NULL PRIMARY KEY, "value" varchar, "created_at" datetime(6) NOT NULL, "updated_at" datetime(6) NOT NULL) /*application='Store'*/[0m
  [1m[36mActiveRecord::SchemaMigration Load (0.4ms)[0m  [1m[34mSELECT "schema_migrations"."version" FROM "schema_migrations" ORDER BY "schema_migrations"."version" ASC /*application='Store'*/[0m
Processing by Rails::WelcomeController#index as HTML
  Rendering /home/yousry/snap/code/243/.local/share/mise/installs/ruby/3.4.9/lib/ruby/gems/3.4.0/gems/railties-8.1.3/lib/rails/templates/rails/welcome/index.html.erb
  Rendered /home/yousry/snap/code/243/.local/share/mise/installs/ruby/3.4.9/lib/ruby/gems/3.4.0/gems/railties-8.1.3/lib/rails/templates/rails/welcome/index.html.erb (Duration: 0.8ms | GC: 0.0ms)
Completed 200 OK in 27ms (Views: 10.0ms | ActiveRecord: 0.0ms (0 queries, 0 cached) | GC: 0.0ms)


  [1m[36mActiveRecord::InternalMetadata Load (0.3ms)[0m  [1m[34mSELECT * FROM "ar_internal_metadata" WHERE "ar_internal_metadata"."key" = 'environment' ORDER BY "ar_internal_metadata"."key" ASC LIMIT 1 /*application='Store'*/[0m
  [1m[36mActiveRecord::InternalMetadata Create (0.8ms)[0m  [1m[32mINSERT INTO "ar_internal_metadata" ("key", "value", "created_at", "updated_at") VALUES ('environment', 'development', '2026-06-08 08:45:04.472624', '2026-06-08 08:45:04.472628') RETURNING "key" /*application='Store'*/[0m
  [1m[36mActiveRecord::SchemaMigration Load (0.1ms)[0m  [1m[34mSELECT "schema_migrations"."version" FROM "schema_migrations" ORDER BY "schema_migrations"."version" ASC /*application='Store'*/[0m
Migrating to CreateProducts (20260608084457)
  [1m[36mTRANSACTION (0.1ms)[0m  [1m[35mBEGIN immediate TRANSACTION /*application='Store'*/[0m
  [1m[35m (1.3ms)[0m  [1m[35mCREATE TABLE "products" ("id" integer PRIMARY KEY AUTOINCREMENT NOT NULL, "name" varchar, "created_at" datetime(6) NOT NULL, "updated_at" datetime(6) NOT NULL) /*application='Store'*/[0m
  [1m[36mActiveRecord::SchemaMigration Create (0.1ms)[0m  [1m[32mINSERT INTO "schema_migrations" ("version") VALUES ('20260608084457') RETURNING "version" /*application='Store'*/[0m
  [1m[36mTRANSACTION (0.1ms)[0m  [1m[35mCOMMIT TRANSACTION /*application='Store'*/[0m
  [1m[36mActiveRecord::SchemaMigration Load (0.1ms)[0m  [1m[34mSELECT "schema_migrations"."version" FROM "schema_migrations" ORDER BY "schema_migrations"."version" ASC /*application='Store'*/[0m
  [1m[36mTRANSACTION (0.0ms)[0m  [1m[35mBEGIN immediate TRANSACTION /*application='Store'*/[0m
  [1m[36mProduct Create (0.4ms)[0m  [1m[32mINSERT INTO "products" ("name", "created_at", "updated_at") VALUES ('Laptop', '2026-06-08 08:45:15.941894', '2026-06-08 08:45:15.941894') RETURNING "id" /*application='Store'*/[0m
  [1m[36mTRANSACTION (0.9ms)[0m  [1m[35mCOMMIT TRANSACTION /*application='Store'*/[0m
  [1m[36mTRANSACTION (0.0ms)[0m  [1m[35mBEGIN immediate TRANSACTION /*application='Store'*/[0m
  [1m[36mProduct Create (0.2ms)[0m  [1m[32mINSERT INTO "products" ("name", "created_at", "updated_at") VALUES ('Phone', '2026-06-08 08:45:15.944602', '2026-06-08 08:45:15.944602') RETURNING "id" /*application='Store'*/[0m
  [1m[36mTRANSACTION (0.0ms)[0m  [1m[35mCOMMIT TRANSACTION /*application='Store'*/[0m
  [1m[36mTRANSACTION (0.0ms)[0m  [1m[35mBEGIN immediate TRANSACTION /*application='Store'*/[0m
  [1m[36mProduct Create (0.1ms)[0m  [1m[32mINSERT INTO "products" ("name", "created_at", "updated_at") VALUES ('Keyboard', '2026-06-08 08:45:15.945255', '2026-06-08 08:45:15.945255') RETURNING "id" /*application='Store'*/[0m
  [1m[36mTRANSACTION (0.0ms)[0m  [1m[35mCOMMIT TRANSACTION /*application='Store'*/[0m
  [1m[36mProduct Load (0.3ms)[0m  [1m[34mSELECT "products".* FROM "products" /* loading for pp */ LIMIT 11 /*application='Store'*/[0m
Started GET "/" for 127.0.0.1 at 2026-06-08 11:48:11 +0300
  [1m[36mActiveRecord::SchemaMigration Load (0.2ms)[0m  [1m[34mSELECT "schema_migrations"."version" FROM "schema_migrations" ORDER BY "schema_migrations"."version" ASC /*application='Store'*/[0m
Processing by ProductsController#index as HTML
  Rendering layout layouts/application.html.erb
  Rendering products/index.html.erb within layouts/application
  [1m[36mProduct Load (0.6ms)[0m  [1m[34mSELECT "products".* FROM "products" /*action='index',application='Store',controller='products'*/[0m
  ↳ app/views/products/index.html.erb:4
  Rendered products/index.html.erb within layouts/application (Duration: 7.8ms | GC: 0.0ms)
  Rendered layout layouts/application.html.erb (Duration: 17.4ms | GC: 0.0ms)
Completed 200 OK in 43ms (Views: 17.9ms | ActiveRecord: 1.4ms (1 query, 0 cached) | GC: 0.0ms)


Started GET "/" for 127.0.0.1 at 2026-06-08 11:53:09 +0300
Processing by ProductsController#index as HTML
  Rendering layout layouts/application.html.erb
  Rendering products/index.html.erb within layouts/application
  [1m[36mProduct Load (0.5ms)[0m  [1m[34mSELECT "products".* FROM "products" /*action='index',application='Store',controller='products'*/[0m
  ↳ app/views/products/index.html.erb:4
  Rendered products/index.html.erb within layouts/application (Duration: 7.3ms | GC: 0.6ms)
  Rendered layout layouts/application.html.erb (Duration: 7.4ms | GC: 0.6ms)
Completed 500 Internal Server Error in 10ms (ActiveRecord: 0.9ms (1 query, 0 cached) | GC: 1.0ms)


  
ActionView::Template::Error (No route matches {action: "edit", controller: "products", id: nil}, missing required keys: [:id])
Caused by: ActionController::UrlGenerationError (No route matches {action: "edit", controller: "products", id: nil}, missing required keys: [:id])

Information for: ActionView::Template::Error (No route matches {action: "edit", controller: "products", id: nil}, missing required keys: [:id]):
    4:   <div>
    5:     <%= link_to product.name, product %>
    6:     <%= link_to "Edit", edit_product_path(@product) %>
    7:   </div>
    8: <% end %>
  
app/views/products/index.html.erb:7
app/views/products/index.html.erb:4

Information for cause: ActionController::UrlGenerationError (No route matches {action: "edit", controller: "products", id: nil}, missing required keys: [:id]):
  
app/views/products/index.html.erb:7
app/views/products/index.html.erb:4
Started GET "/favicon.ico" for 127.0.0.1 at 2026-06-08 11:53:10 +0300
  
ActionController::RoutingError (No route matches [GET] "/favicon.ico"):
  
Started GET "/" for 127.0.0.1 at 2026-06-08 11:53:40 +0300
Processing by ProductsController#index as HTML
  Rendering layout layouts/application.html.erb
  Rendering products/index.html.erb within layouts/application
  [1m[36mProduct Load (0.5ms)[0m  [1m[34mSELECT "products".* FROM "products" /*action='index',application='Store',controller='products'*/[0m
  ↳ app/views/products/index.html.erb:4
  Rendered products/index.html.erb within layouts/application (Duration: 5.1ms | GC: 0.0ms)
  Rendered layout layouts/application.html.erb (Duration: 7.2ms | GC: 0.0ms)
Completed 200 OK in 10ms (Views: 7.1ms | ActiveRecord: 1.0ms (1 query, 0 cached) | GC: 0.0ms)


Started GET "/products/new" for 127.0.0.1 at 2026-06-08 11:53:41 +0300
Processing by ProductsController#new as HTML
  Rendering layout layouts/application.html.erb
  Rendering products/new.html.erb within layouts/application
  Rendered products/new.html.erb within layouts/application (Duration: 11.5ms | GC: 1.5ms)
  Rendered layout layouts/application.html.erb (Duration: 12.2ms | GC: 1.5ms)
Completed 200 OK in 21ms (Views: 13.0ms | ActiveRecord: 0.0ms (0 queries, 0 cached) | GC: 7.4ms)


Started GET "/products/3/edit" for 127.0.0.1 at 2026-06-08 11:53:43 +0300
Processing by ProductsController#edit as HTML
  Parameters: {"id" => "3"}
  [1m[36mProduct Load (0.2ms)[0m  [1m[34mSELECT "products".* FROM "products" WHERE "products"."id" = 3 LIMIT 1 /*action='edit',application='Store',controller='products'*/[0m
  ↳ app/controllers/products_controller.rb:25:in 'ProductsController#edit'
  Rendering layout layouts/application.html.erb
  Rendering products/edit.html.erb within layouts/application
  Rendered products/edit.html.erb within layouts/application (Duration: 1.5ms | GC: 0.0ms)
  Rendered layout layouts/application.html.erb (Duration: 2.0ms | GC: 0.0ms)
Completed 200 OK in 23ms (Views: 2.5ms | ActiveRecord: 0.2ms (1 query, 0 cached) | GC: 0.9ms)


Started GET "/products/new" for 127.0.0.1 at 2026-06-08 11:53:46 +0300
Processing by ProductsController#new as HTML
  Rendering layout layouts/application.html.erb
  Rendering products/new.html.erb within layouts/application
  Rendered products/new.html.erb within layouts/application (Duration: 2.8ms | GC: 0.5ms)
  Rendered layout layouts/application.html.erb (Duration: 4.0ms | GC: 0.5ms)
Completed 200 OK in 6ms (Views: 4.7ms | ActiveRecord: 0.0ms (0 queries, 0 cached) | GC: 0.5ms)


Started GET "/products/new" for 127.0.0.1 at 2026-06-08 11:53:47 +0300
Processing by ProductsController#new as HTML
  Rendering layout layouts/application.html.erb
  Rendering products/new.html.erb within layouts/application
  Rendered products/new.html.erb within layouts/application (Duration: 1.8ms | GC: 0.0ms)
  Rendered layout layouts/application.html.erb (Duration: 3.0ms | GC: 0.0ms)
Completed 200 OK in 5ms (Views: 3.8ms | ActiveRecord: 0.0ms (0 queries, 0 cached) | GC: 0.0ms)


Started GET "/products/new" for 127.0.0.1 at 2026-06-08 11:53:48 +0300
Processing by ProductsController#new as HTML
  Rendering layout layouts/application.html.erb
  Rendering products/new.html.erb within layouts/application
  Rendered products/new.html.erb within layouts/application (Duration: 2.0ms | GC: 0.0ms)
  Rendered layout layouts/application.html.erb (Duration: 3.5ms | GC: 0.0ms)
Completed 200 OK in 6ms (Views: 4.3ms | ActiveRecord: 0.0ms (0 queries, 0 cached) | GC: 0.0ms)


  [1m[36mActiveRecord::InternalMetadata Load (0.2ms)[0m  [1m[34mSELECT * FROM "ar_internal_metadata" WHERE "ar_internal_metadata"."key" = 'environment' ORDER BY "ar_internal_metadata"."key" ASC LIMIT 1 /*application='Store'*/[0m
  [1m[36mActiveRecord::SchemaMigration Load (0.1ms)[0m  [1m[34mSELECT "schema_migrations"."version" FROM "schema_migrations" ORDER BY "schema_migrations"."version" ASC /*application='Store'*/[0m
Migrating to CreateUsers (20260608085457)
  [1m[36mTRANSACTION (0.0ms)[0m  [1m[35mBEGIN immediate TRANSACTION /*application='Store'*/[0m
  [1m[35m (0.9ms)[0m  [1m[35mCREATE TABLE "users" ("id" integer PRIMARY KEY AUTOINCREMENT NOT NULL, "email_address" varchar NOT NULL, "password_digest" varchar NOT NULL, "created_at" datetime(6) NOT NULL, "updated_at" datetime(6) NOT NULL) /*application='Store'*/[0m
  [1m[35m (0.1ms)[0m  [1m[35mCREATE UNIQUE INDEX "index_users_on_email_address" ON "users" ("email_address") /*application='Store'*/[0m
  [1m[36mActiveRecord::SchemaMigration Create (0.1ms)[0m  [1m[32mINSERT INTO "schema_migrations" ("version") VALUES ('20260608085457') RETURNING "version" /*application='Store'*/[0m
  [1m[36mTRANSACTION (0.1ms)[0m  [1m[35mCOMMIT TRANSACTION /*application='Store'*/[0m
Migrating to CreateSessions (20260608085458)
  [1m[36mTRANSACTION (0.0ms)[0m  [1m[35mBEGIN immediate TRANSACTION /*application='Store'*/[0m
  [1m[35m (0.9ms)[0m  [1m[35mCREATE TABLE "sessions" ("id" integer PRIMARY KEY AUTOINCREMENT NOT NULL, "user_id" integer NOT NULL, "ip_address" varchar, "user_agent" varchar, "created_at" datetime(6) NOT NULL, "updated_at" datetime(6) NOT NULL, CONSTRAINT "fk_rails_758836b4f0"
FOREIGN KEY ("user_id")
  REFERENCES "users" ("id")
) /*application='Store'*/[0m
  [1m[35m (0.1ms)[0m  [1m[35mCREATE INDEX "index_sessions_on_user_id" ON "sessions" ("user_id") /*application='Store'*/[0m
  [1m[36mActiveRecord::SchemaMigration Create (0.1ms)[0m  [1m[32mINSERT INTO "schema_migrations" ("version") VALUES ('20260608085458') RETURNING "version" /*application='Store'*/[0m
  [1m[36mTRANSACTION (0.1ms)[0m  [1m[35mCOMMIT TRANSACTION /*application='Store'*/[0m
  [1m[36mActiveRecord::SchemaMigration Load (0.0ms)[0m  [1m[34mSELECT "schema_migrations"."version" FROM "schema_migrations" ORDER BY "schema_migrations"."version" ASC /*application='Store'*/[0m
  [1m[36mTRANSACTION (0.1ms)[0m  [1m[35mBEGIN immediate TRANSACTION /*application='Store'*/[0m
  [1m[36mUser Create (0.5ms)[0m  [1m[32mINSERT INTO "users" ("email_address", "password_digest", "created_at", "updated_at") VALUES ('admin@example.com', '$2a$12$CJEeQKyXmknUGFIq/V7ZRuny1b9UL8K18Y0Zid2889k56VzElkuHK', '2026-06-08 08:55:29.438259', '2026-06-08 08:55:29.438259') RETURNING "id" /*application='Store'*/[0m
  [1m[36mTRANSACTION (0.1ms)[0m  [1m[35mCOMMIT TRANSACTION /*application='Store'*/[0m
Started GET "/" for 127.0.0.1 at 2026-06-08 11:57:33 +0300
  [1m[36mActiveRecord::SchemaMigration Load (0.1ms)[0m  [1m[34mSELECT "schema_migrations"."version" FROM "schema_migrations" ORDER BY "schema_migrations"."version" ASC /*application='Store'*/[0m
Processing by ProductsController#index as HTML
  Rendering layout layouts/application.html.erb
  Rendering products/index.html.erb within layouts/application
  [1m[36mProduct Load (0.8ms)[0m  [1m[34mSELECT "products".* FROM "products" /*action='index',application='Store',controller='products'*/[0m
  ↳ app/views/products/index.html.erb:9
  Rendered products/index.html.erb within layouts/application (Duration: 10.1ms | GC: 0.0ms)
  Rendered layout layouts/application.html.erb (Duration: 16.0ms | GC: 0.0ms)
Completed 200 OK in 29ms (Views: 16.5ms | ActiveRecord: 1.3ms (1 query, 0 cached) | GC: 0.0ms)


Started GET "/session/new" for 127.0.0.1 at 2026-06-08 11:57:36 +0300
Processing by SessionsController#new as HTML
  Rendering layout layouts/application.html.erb
  Rendering sessions/new.html.erb within layouts/application
  Rendered sessions/new.html.erb within layouts/application (Duration: 20.0ms | GC: 6.2ms)
  Rendered layout layouts/application.html.erb (Duration: 21.8ms | GC: 7.0ms)
Completed 200 OK in 30ms (Views: 25.8ms | ActiveRecord: 0.0ms (0 queries, 0 cached) | GC: 12.0ms)


Started GET "/" for 127.0.0.1 at 2026-06-08 11:57:37 +0300
Processing by ProductsController#index as HTML
  Rendering layout layouts/application.html.erb
  Rendering products/index.html.erb within layouts/application
  [1m[36mProduct Load (0.1ms)[0m  [1m[34mSELECT "products".* FROM "products" /*action='index',application='Store',controller='products'*/[0m
  ↳ app/views/products/index.html.erb:9
  Rendered products/index.html.erb within layouts/application (Duration: 6.7ms | GC: 4.3ms)
  Rendered layout layouts/application.html.erb (Duration: 8.9ms | GC: 5.9ms)
Completed 200 OK in 11ms (Views: 9.2ms | ActiveRecord: 0.1ms (1 query, 0 cached) | GC: 6.8ms)


Started GET "/products/1" for 127.0.0.1 at 2026-06-08 11:57:38 +0300
Processing by ProductsController#show as HTML
  Parameters: {"id" => "1"}
  [1m[36mProduct Load (0.1ms)[0m  [1m[34mSELECT "products".* FROM "products" WHERE "products"."id" = 1 LIMIT 1 /*action='show',application='Store',controller='products'*/[0m
  ↳ app/controllers/products_controller.rb:9:in 'ProductsController#show'
  Rendering layout layouts/application.html.erb
  Rendering products/show.html.erb within layouts/application
  Rendered products/show.html.erb within layouts/application (Duration: 0.3ms | GC: 0.0ms)
  Rendered layout layouts/application.html.erb (Duration: 0.9ms | GC: 0.0ms)
Completed 200 OK in 15ms (Views: 1.2ms | ActiveRecord: 0.1ms (1 query, 0 cached) | GC: 9.3ms)


Started GET "/products" for 127.0.0.1 at 2026-06-08 11:57:39 +0300
Processing by ProductsController#index as HTML
  Rendering layout layouts/application.html.erb
  Rendering products/index.html.erb within layouts/application
  [1m[36mProduct Load (0.2ms)[0m  [1m[34mSELECT "products".* FROM "products" /*action='index',application='Store',controller='products'*/[0m
  ↳ app/views/products/index.html.erb:9
  Rendered products/index.html.erb within layouts/application (Duration: 4.4ms | GC: 0.0ms)
  Rendered layout layouts/application.html.erb (Duration: 5.7ms | GC: 0.0ms)
Completed 200 OK in 10ms (Views: 8.1ms | ActiveRecord: 0.2ms (1 query, 0 cached) | GC: 1.6ms)


Started GET "/session/new" for 127.0.0.1 at 2026-06-08 11:57:40 +0300
Processing by SessionsController#new as HTML
  Rendering layout layouts/application.html.erb
  Rendering sessions/new.html.erb within layouts/application
  Rendered sessions/new.html.erb within layouts/application (Duration: 4.2ms | GC: 1.4ms)
  Rendered layout layouts/application.html.erb (Duration: 5.6ms | GC: 1.4ms)
Completed 200 OK in 8ms (Views: 6.2ms | ActiveRecord: 0.0ms (0 queries, 0 cached) | GC: 1.4ms)


Started GET "/session/new" for 127.0.0.1 at 2026-06-08 11:57:40 +0300
Processing by SessionsController#new as HTML
  Rendering layout layouts/application.html.erb
  Rendering sessions/new.html.erb within layouts/application
  Rendered sessions/new.html.erb within layouts/application (Duration: 3.4ms | GC: 0.9ms)
  Rendered layout layouts/application.html.erb (Duration: 4.7ms | GC: 0.9ms)
Completed 200 OK in 7ms (Views: 5.4ms | ActiveRecord: 0.0ms (0 queries, 0 cached) | GC: 0.9ms)


Started GET "/passwords/new" for 127.0.0.1 at 2026-06-08 11:57:40 +0300
Processing by PasswordsController#new as HTML
  Rendering layout layouts/application.html.erb
  Rendering passwords/new.html.erb within layouts/application
  Rendered passwords/new.html.erb within layouts/application (Duration: 2.8ms | GC: 0.5ms)
  Rendered layout layouts/application.html.erb (Duration: 3.9ms | GC: 0.5ms)
Completed 200 OK in 7ms (Views: 5.2ms | ActiveRecord: 0.0ms (0 queries, 0 cached) | GC: 0.5ms)


Started GET "/products" for 127.0.0.1 at 2026-06-08 11:58:19 +0300
Processing by ProductsController#index as HTML
  Rendering layout layouts/application.html.erb
  Rendering products/index.html.erb within layouts/application
  [1m[36mProduct Load (0.4ms)[0m  [1m[34mSELECT "products".* FROM "products" /*action='index',application='Store',controller='products'*/[0m
  ↳ app/views/products/index.html.erb:9
  Rendered products/index.html.erb within layouts/application (Duration: 6.3ms | GC: 1.4ms)
  Rendered layout layouts/application.html.erb (Duration: 8.1ms | GC: 1.4ms)
Completed 200 OK in 12ms (Views: 8.8ms | ActiveRecord: 0.7ms (1 query, 0 cached) | GC: 1.4ms)


Started GET "/products" for 127.0.0.1 at 2026-06-08 11:58:20 +0300
Processing by ProductsController#index as HTML
  Rendering layout layouts/application.html.erb
  Rendering products/index.html.erb within layouts/application
  [1m[36mProduct Load (0.2ms)[0m  [1m[34mSELECT "products".* FROM "products" /*action='index',application='Store',controller='products'*/[0m
  ↳ app/views/products/index.html.erb:9
  Rendered products/index.html.erb within layouts/application (Duration: 3.8ms | GC: 0.0ms)
  Rendered layout layouts/application.html.erb (Duration: 4.7ms | GC: 0.0ms)
Completed 200 OK in 7ms (Views: 5.2ms | ActiveRecord: 0.2ms (1 query, 0 cached) | GC: 0.0ms)


Started GET "/products" for 127.0.0.1 at 2026-06-08 11:58:20 +0300
Processing by ProductsController#index as HTML
  Rendering layout layouts/application.html.erb
  Rendering products/index.html.erb within layouts/application
  [1m[36mProduct Load (0.2ms)[0m  [1m[34mSELECT "products".* FROM "products" /*action='index',application='Store',controller='products'*/[0m
  ↳ app/views/products/index.html.erb:9
  Rendered products/index.html.erb within layouts/application (Duration: 3.8ms | GC: 0.0ms)
  Rendered layout layouts/application.html.erb (Duration: 4.8ms | GC: 0.0ms)
Completed 200 OK in 7ms (Views: 5.3ms | ActiveRecord: 0.2ms (1 query, 0 cached) | GC: 0.0ms)


Started GET "/products" for 127.0.0.1 at 2026-06-08 11:58:20 +0300
Processing by ProductsController#index as HTML
  Rendering layout layouts/application.html.erb
  Rendering products/index.html.erb within layouts/application
  [1m[36mProduct Load (0.2ms)[0m  [1m[34mSELECT "products".* FROM "products" /*action='index',application='Store',controller='products'*/[0m
  ↳ app/views/products/index.html.erb:9
  Rendered products/index.html.erb within layouts/application (Duration: 4.2ms | GC: 0.0ms)
  Rendered layout layouts/application.html.erb (Duration: 5.3ms | GC: 0.0ms)
Completed 200 OK in 7ms (Views: 5.8ms | ActiveRecord: 0.2ms (1 query, 0 cached) | GC: 0.0ms)


Started GET "/" for 127.0.0.1 at 2026-06-08 11:58:20 +0300
Processing by ProductsController#index as HTML
  Rendering layout layouts/application.html.erb
  Rendering products/index.html.erb within layouts/application
  [1m[36mProduct Load (0.2ms)[0m  [1m[34mSELECT "products".* FROM "products" /*action='index',application='Store',controller='products'*/[0m
  ↳ app/views/products/index.html.erb:9
  Rendered products/index.html.erb within layouts/application (Duration: 4.0ms | GC: 0.0ms)
  Rendered layout layouts/application.html.erb (Duration: 5.1ms | GC: 0.0ms)
Completed 200 OK in 7ms (Views: 5.6ms | ActiveRecord: 0.2ms (1 query, 0 cached) | GC: 0.0ms)


Started GET "/" for 127.0.0.1 at 2026-06-08 11:58:21 +0300
Processing by ProductsController#index as HTML
  Rendering layout layouts/application.html.erb
  Rendering products/index.html.erb within layouts/application
  [1m[36mProduct Load (0.2ms)[0m  [1m[34mSELECT "products".* FROM "products" /*action='index',application='Store',controller='products'*/[0m
  ↳ app/views/products/index.html.erb:9
  Rendered products/index.html.erb within layouts/application (Duration: 4.7ms | GC: 0.0ms)
  Rendered layout layouts/application.html.erb (Duration: 6.0ms | GC: 0.0ms)
Completed 200 OK in 8ms (Views: 6.5ms | ActiveRecord: 0.2ms (1 query, 0 cached) | GC: 0.0ms)


Started GET "/session/new" for 127.0.0.1 at 2026-06-08 11:58:22 +0300
Processing by SessionsController#new as HTML
  Rendering layout layouts/application.html.erb
  Rendering sessions/new.html.erb within layouts/application
  Rendered sessions/new.html.erb within layouts/application (Duration: 18.2ms | GC: 15.4ms)
  Rendered layout layouts/application.html.erb (Duration: 18.9ms | GC: 15.4ms)
Completed 200 OK in 22ms (Views: 19.9ms | ActiveRecord: 0.0ms (0 queries, 0 cached) | GC: 15.4ms)


Started GET "/passwords/new" for 127.0.0.1 at 2026-06-08 11:58:22 +0300
Processing by PasswordsController#new as HTML
  Rendering layout layouts/application.html.erb
  Rendering passwords/new.html.erb within layouts/application
  Rendered passwords/new.html.erb within layouts/application (Duration: 2.0ms | GC: 0.0ms)
  Rendered layout layouts/application.html.erb (Duration: 2.9ms | GC: 0.0ms)
Completed 200 OK in 7ms (Views: 5.4ms | ActiveRecord: 0.0ms (0 queries, 0 cached) | GC: 1.3ms)


Started POST "/session" for 127.0.0.1 at 2026-06-08 11:58:34 +0300
Processing by SessionsController#create as TURBO_STREAM
  Parameters: {"authenticity_token" => "[FILTERED]", "email_address" => "[FILTERED]", "password" => "[FILTERED]", "commit" => "Sign in"}
[31mUnpermitted parameters: :authenticity_token, :commit. Context: { controller: SessionsController, action: create, request: #<ActionDispatch::Request:0x0000739ca7329e40>, params: {"authenticity_token" => "[FILTERED]", "email_address" => "[FILTERED]", "password" => "[FILTERED]", "commit" => "Sign in", "controller" => "sessions", "action" => "create"} }[0m
  [1m[36mUser Load (0.3ms)[0m  [1m[34mSELECT "users".* FROM "users" WHERE "users"."email_address" = 'admin@example.com' LIMIT 1 /*action='create',application='Store',controller='sessions'*/[0m
  ↳ app/controllers/sessions_controller.rb:9:in 'SessionsController#create'
  [1m[36mTRANSACTION (0.0ms)[0m  [1m[35mBEGIN immediate TRANSACTION /*action='create',application='Store',controller='sessions'*/[0m
  ↳ app/controllers/concerns/authentication.rb:42:in 'Authentication#start_new_session_for'
  [1m[36mSession Create (1.0ms)[0m  [1m[32mINSERT INTO "sessions" ("user_id", "ip_address", "user_agent", "created_at", "updated_at") VALUES (1, '127.0.0.1', 'Mozilla/5.0 (X11; Linux x86_64) AppleWebKit/537.36 (KHTML, like Gecko) Code/1.122.1 Chrome/142.0.7444.265 Electron/39.8.8 Safari/537.36', '2026-06-08 08:58:34.485843', '2026-06-08 08:58:34.485843') RETURNING "id" /*action='create',application='Store',controller='sessions'*/[0m
  ↳ app/controllers/concerns/authentication.rb:42:in 'Authentication#start_new_session_for'
  [1m[36mTRANSACTION (0.1ms)[0m  [1m[35mCOMMIT TRANSACTION /*action='create',application='Store',controller='sessions'*/[0m
  ↳ app/controllers/concerns/authentication.rb:42:in 'Authentication#start_new_session_for'
Redirected to http://127.0.0.1:3000/
↳ app/controllers/sessions_controller.rb:11:in 'SessionsController#create'
Completed 302 Found in 221ms (ActiveRecord: 1.8ms (2 queries, 0 cached) | GC: 0.7ms)


Started GET "/" for 127.0.0.1 at 2026-06-08 11:58:34 +0300
Processing by ProductsController#index as TURBO_STREAM
  Rendering layout layouts/application.html.erb
  Rendering products/index.html.erb within layouts/application
  [1m[36mSession Load (0.1ms)[0m  [1m[34mSELECT "sessions".* FROM "sessions" WHERE "sessions"."id" = 1 LIMIT 1 /*action='index',application='Store',controller='products'*/[0m
  ↳ app/controllers/concerns/authentication.rb:29:in 'Authentication#find_session_by_cookie'
  [1m[36mProduct Load (0.1ms)[0m  [1m[34mSELECT "products".* FROM "products" /*action='index',application='Store',controller='products'*/[0m
  ↳ app/views/products/index.html.erb:9
  Rendered products/index.html.erb within layouts/application (Duration: 3.1ms | GC: 0.1ms)
  Rendered layout layouts/application.html.erb (Duration: 3.6ms | GC: 0.1ms)
Completed 200 OK in 5ms (Views: 3.9ms | ActiveRecord: 0.2ms (2 queries, 0 cached) | GC: 0.1ms)


Started GET "/products/new" for 127.0.0.1 at 2026-06-08 11:58:37 +0300
Processing by ProductsController#new as HTML
  [1m[36mSession Load (0.2ms)[0m  [1m[34mSELECT "sessions".* FROM "sessions" WHERE "sessions"."id" = 1 LIMIT 1 /*action='new',application='Store',controller='products'*/[0m
  ↳ app/controllers/concerns/authentication.rb:29:in 'Authentication#find_session_by_cookie'
  Rendering layout layouts/application.html.erb
  Rendering products/new.html.erb within layouts/application
  Rendered products/new.html.erb within layouts/application (Duration: 4.5ms | GC: 0.0ms)
  Rendered layout layouts/application.html.erb (Duration: 6.4ms | GC: 0.0ms)
Completed 200 OK in 22ms (Views: 7.3ms | ActiveRecord: 0.2ms (1 query, 0 cached) | GC: 0.2ms)


Started POST "/products" for 127.0.0.1 at 2026-06-08 11:58:40 +0300
Processing by ProductsController#create as TURBO_STREAM
  Parameters: {"authenticity_token" => "[FILTERED]", "product" => {"name" => "test"}, "commit" => "Create Product"}
  [1m[36mSession Load (0.3ms)[0m  [1m[34mSELECT "sessions".* FROM "sessions" WHERE "sessions"."id" = 1 LIMIT 1 /*action='create',application='Store',controller='products'*/[0m
  ↳ app/controllers/concerns/authentication.rb:29:in 'Authentication#find_session_by_cookie'
  [1m[36mTRANSACTION (0.1ms)[0m  [1m[35mBEGIN immediate TRANSACTION /*action='create',application='Store',controller='products'*/[0m
  ↳ app/controllers/products_controller.rb:19:in 'ProductsController#create'
  [1m[36mProduct Create (2.3ms)[0m  [1m[32mINSERT INTO "products" ("name", "created_at", "updated_at") VALUES ('test', '2026-06-08 08:58:40.099722', '2026-06-08 08:58:40.099722') RETURNING "id" /*action='create',application='Store',controller='products'*/[0m
  ↳ app/controllers/products_controller.rb:19:in 'ProductsController#create'
  [1m[36mTRANSACTION (0.1ms)[0m  [1m[35mCOMMIT TRANSACTION /*action='create',application='Store',controller='products'*/[0m
  ↳ app/controllers/products_controller.rb:19:in 'ProductsController#create'
Redirected to http://127.0.0.1:3000/products/4
↳ app/controllers/products_controller.rb:20:in 'ProductsController#create'
Completed 302 Found in 13ms (ActiveRecord: 2.8ms (2 queries, 0 cached) | GC: 0.5ms)


Started GET "/products/4" for 127.0.0.1 at 2026-06-08 11:58:40 +0300
Processing by ProductsController#show as TURBO_STREAM
  Parameters: {"id" => "4"}
  [1m[36mProduct Load (0.1ms)[0m  [1m[34mSELECT "products".* FROM "products" WHERE "products"."id" = 4 LIMIT 1 /*action='show',application='Store',controller='products'*/[0m
  ↳ app/controllers/products_controller.rb:9:in 'ProductsController#show'
  Rendering layout layouts/application.html.erb
  Rendering products/show.html.erb within layouts/application
  [1m[36mSession Load (0.1ms)[0m  [1m[34mSELECT "sessions".* FROM "sessions" WHERE "sessions"."id" = 1 LIMIT 1 /*action='show',application='Store',controller='products'*/[0m
  ↳ app/controllers/concerns/authentication.rb:29:in 'Authentication#find_session_by_cookie'
  Rendered products/show.html.erb within layouts/application (Duration: 2.2ms | GC: 0.7ms)
  Rendered layout layouts/application.html.erb (Duration: 2.7ms | GC: 0.7ms)
Completed 200 OK in 5ms (Views: 2.9ms | ActiveRecord: 0.2ms (2 queries, 0 cached) | GC: 0.8ms)


Started GET "/products" for 127.0.0.1 at 2026-06-08 11:58:41 +0300
Processing by ProductsController#index as HTML
  Rendering layout layouts/application.html.erb
  Rendering products/index.html.erb within layouts/application
  [1m[36mSession Load (0.2ms)[0m  [1m[34mSELECT "sessions".* FROM "sessions" WHERE "sessions"."id" = 1 LIMIT 1 /*action='index',application='Store',controller='products'*/[0m
  ↳ app/controllers/concerns/authentication.rb:29:in 'Authentication#find_session_by_cookie'
  [1m[36mProduct Load (0.2ms)[0m  [1m[34mSELECT "products".* FROM "products" /*action='index',application='Store',controller='products'*/[0m
  ↳ app/views/products/index.html.erb:9
  Rendered products/index.html.erb within layouts/application (Duration: 6.9ms | GC: 0.0ms)
  Rendered layout layouts/application.html.erb (Duration: 8.1ms | GC: 0.0ms)
Completed 200 OK in 10ms (Views: 8.4ms | ActiveRecord: 0.4ms (2 queries, 0 cached) | GC: 0.0ms)


Started GET "/products/new" for 127.0.0.1 at 2026-06-08 11:58:42 +0300
Processing by ProductsController#new as HTML
  [1m[36mSession Load (0.2ms)[0m  [1m[34mSELECT "sessions".* FROM "sessions" WHERE "sessions"."id" = 1 LIMIT 1 /*action='new',application='Store',controller='products'*/[0m
  ↳ app/controllers/concerns/authentication.rb:29:in 'Authentication#find_session_by_cookie'
  Rendering layout layouts/application.html.erb
  Rendering products/new.html.erb within layouts/application
  Rendered products/new.html.erb within layouts/application (Duration: 1.9ms | GC: 0.0ms)
  Rendered layout layouts/application.html.erb (Duration: 3.4ms | GC: 0.0ms)
Completed 200 OK in 9ms (Views: 4.4ms | ActiveRecord: 0.2ms (1 query, 0 cached) | GC: 0.0ms)


Started GET "/products/1" for 127.0.0.1 at 2026-06-08 11:58:43 +0300
Processing by ProductsController#show as HTML
  Parameters: {"id" => "1"}
  [1m[36mProduct Load (0.2ms)[0m  [1m[34mSELECT "products".* FROM "products" WHERE "products"."id" = 1 LIMIT 1 /*action='show',application='Store',controller='products'*/[0m
  ↳ app/controllers/products_controller.rb:9:in 'ProductsController#show'
  Rendering layout layouts/application.html.erb
  Rendering products/show.html.erb within layouts/application
  [1m[36mSession Load (0.3ms)[0m  [1m[34mSELECT "sessions".* FROM "sessions" WHERE "sessions"."id" = 1 LIMIT 1 /*action='show',application='Store',controller='products'*/[0m
  ↳ app/controllers/concerns/authentication.rb:29:in 'Authentication#find_session_by_cookie'
  Rendered products/show.html.erb within layouts/application (Duration: 3.7ms | GC: 0.0ms)
  Rendered layout layouts/application.html.erb (Duration: 5.0ms | GC: 0.0ms)
Completed 200 OK in 9ms (Views: 5.4ms | ActiveRecord: 0.5ms (2 queries, 0 cached) | GC: 0.0ms)


Started GET "/products/1/edit" for 127.0.0.1 at 2026-06-08 11:58:43 +0300
Processing by ProductsController#edit as HTML
  Parameters: {"id" => "1"}
  [1m[36mSession Load (0.2ms)[0m  [1m[34mSELECT "sessions".* FROM "sessions" WHERE "sessions"."id" = 1 LIMIT 1 /*action='edit',application='Store',controller='products'*/[0m
  ↳ app/controllers/concerns/authentication.rb:29:in 'Authentication#find_session_by_cookie'
  [1m[36mProduct Load (0.2ms)[0m  [1m[34mSELECT "products".* FROM "products" WHERE "products"."id" = 1 LIMIT 1 /*action='edit',application='Store',controller='products'*/[0m
  ↳ app/controllers/products_controller.rb:27:in 'ProductsController#edit'
  Rendering layout layouts/application.html.erb
  Rendering products/edit.html.erb within layouts/application
  Rendered products/edit.html.erb within layouts/application (Duration: 2.5ms | GC: 0.0ms)
  Rendered layout layouts/application.html.erb (Duration: 4.0ms | GC: 0.0ms)
Completed 200 OK in 21ms (Views: 4.9ms | ActiveRecord: 0.4ms (2 queries, 0 cached) | GC: 0.0ms)


Started PATCH "/products/1" for 127.0.0.1 at 2026-06-08 11:58:44 +0300
Processing by ProductsController#update as TURBO_STREAM
  Parameters: {"authenticity_token" => "[FILTERED]", "product" => {"name" => "Laptop"}, "commit" => "Update Product", "id" => "1"}
  [1m[36mSession Load (0.3ms)[0m  [1m[34mSELECT "sessions".* FROM "sessions" WHERE "sessions"."id" = 1 LIMIT 1 /*action='update',application='Store',controller='products'*/[0m
  ↳ app/controllers/concerns/authentication.rb:29:in 'Authentication#find_session_by_cookie'
  [1m[36mProduct Load (0.2ms)[0m  [1m[34mSELECT "products".* FROM "products" WHERE "products"."id" = 1 LIMIT 1 /*action='update',application='Store',controller='products'*/[0m
  ↳ app/controllers/products_controller.rb:31:in 'ProductsController#update'
Redirected to http://127.0.0.1:3000/products/1
↳ app/controllers/products_controller.rb:34:in 'ProductsController#update'
Completed 302 Found in 22ms (ActiveRecord: 0.5ms (2 queries, 0 cached) | GC: 15.1ms)


Started GET "/products/1" for 127.0.0.1 at 2026-06-08 11:58:44 +0300
Processing by ProductsController#show as TURBO_STREAM
  Parameters: {"id" => "1"}
  [1m[36mProduct Load (0.1ms)[0m  [1m[34mSELECT "products".* FROM "products" WHERE "products"."id" = 1 LIMIT 1 /*action='show',application='Store',controller='products'*/[0m
  ↳ app/controllers/products_controller.rb:9:in 'ProductsController#show'
  Rendering layout layouts/application.html.erb
  Rendering products/show.html.erb within layouts/application
  [1m[36mSession Load (0.1ms)[0m  [1m[34mSELECT "sessions".* FROM "sessions" WHERE "sessions"."id" = 1 LIMIT 1 /*action='show',application='Store',controller='products'*/[0m
  ↳ app/controllers/concerns/authentication.rb:29:in 'Authentication#find_session_by_cookie'
  Rendered products/show.html.erb within layouts/application (Duration: 1.4ms | GC: 0.0ms)
  Rendered layout layouts/application.html.erb (Duration: 2.6ms | GC: 0.6ms)
Completed 200 OK in 4ms (Views: 2.9ms | ActiveRecord: 0.2ms (2 queries, 0 cached) | GC: 0.6ms)


Started GET "/products" for 127.0.0.1 at 2026-06-08 11:58:46 +0300
Processing by ProductsController#index as HTML
  Rendering layout layouts/application.html.erb
  Rendering products/index.html.erb within layouts/application
  [1m[36mSession Load (0.2ms)[0m  [1m[34mSELECT "sessions".* FROM "sessions" WHERE "sessions"."id" = 1 LIMIT 1 /*action='index',application='Store',controller='products'*/[0m
  ↳ app/controllers/concerns/authentication.rb:29:in 'Authentication#find_session_by_cookie'
  [1m[36mProduct Load (0.2ms)[0m  [1m[34mSELECT "products".* FROM "products" /*action='index',application='Store',controller='products'*/[0m
  ↳ app/views/products/index.html.erb:9
  Rendered products/index.html.erb within layouts/application (Duration: 7.3ms | GC: 0.0ms)
  Rendered layout layouts/application.html.erb (Duration: 10.3ms | GC: 1.2ms)
Completed 200 OK in 12ms (Views: 10.6ms | ActiveRecord: 0.4ms (2 queries, 0 cached) | GC: 1.2ms)


Started GET "/products/1/edit" for 127.0.0.1 at 2026-06-08 11:58:46 +0300
Processing by ProductsController#edit as HTML
  Parameters: {"id" => "1"}
  [1m[36mSession Load (0.2ms)[0m  [1m[34mSELECT "sessions".* FROM "sessions" WHERE "sessions"."id" = 1 LIMIT 1 /*action='edit',application='Store',controller='products'*/[0m
  ↳ app/controllers/concerns/authentication.rb:29:in 'Authentication#find_session_by_cookie'
  [1m[36mProduct Load (0.2ms)[0m  [1m[34mSELECT "products".* FROM "products" WHERE "products"."id" = 1 LIMIT 1 /*action='edit',application='Store',controller='products'*/[0m
  ↳ app/controllers/products_controller.rb:27:in 'ProductsController#edit'
  Rendering layout layouts/application.html.erb
  Rendering products/edit.html.erb within layouts/application
  Rendered products/edit.html.erb within layouts/application (Duration: 1.8ms | GC: 0.0ms)
  Rendered layout layouts/application.html.erb (Duration: 3.3ms | GC: 0.0ms)
Completed 200 OK in 9ms (Views: 4.0ms | ActiveRecord: 0.4ms (2 queries, 0 cached) | GC: 0.0ms)


Started GET "/products" for 127.0.0.1 at 2026-06-08 11:58:47 +0300
Processing by ProductsController#index as HTML
  Rendering layout layouts/application.html.erb
  Rendering products/index.html.erb within layouts/application
  [1m[36mSession Load (0.2ms)[0m  [1m[34mSELECT "sessions".* FROM "sessions" WHERE "sessions"."id" = 1 LIMIT 1 /*action='index',application='Store',controller='products'*/[0m
  ↳ app/controllers/concerns/authentication.rb:29:in 'Authentication#find_session_by_cookie'
  [1m[36mProduct Load (0.2ms)[0m  [1m[34mSELECT "products".* FROM "products" /*action='index',application='Store',controller='products'*/[0m
  ↳ app/views/products/index.html.erb:9
  Rendered products/index.html.erb within layouts/application (Duration: 7.7ms | GC: 0.0ms)
  Rendered layout layouts/application.html.erb (Duration: 9.4ms | GC: 0.0ms)
Completed 200 OK in 12ms (Views: 9.7ms | ActiveRecord: 0.4ms (2 queries, 0 cached) | GC: 1.0ms)


Started GET "/products/4/edit" for 127.0.0.1 at 2026-06-08 11:58:48 +0300
Processing by ProductsController#edit as HTML
  Parameters: {"id" => "4"}
  [1m[36mSession Load (0.2ms)[0m  [1m[34mSELECT "sessions".* FROM "sessions" WHERE "sessions"."id" = 1 LIMIT 1 /*action='edit',application='Store',controller='products'*/[0m
  ↳ app/controllers/concerns/authentication.rb:29:in 'Authentication#find_session_by_cookie'
  [1m[36mProduct Load (0.2ms)[0m  [1m[34mSELECT "products".* FROM "products" WHERE "products"."id" = 4 LIMIT 1 /*action='edit',application='Store',controller='products'*/[0m
  ↳ app/controllers/products_controller.rb:27:in 'ProductsController#edit'
  Rendering layout layouts/application.html.erb
  Rendering products/edit.html.erb within layouts/application
  Rendered products/edit.html.erb within layouts/application (Duration: 1.7ms | GC: 0.0ms)
  Rendered layout layouts/application.html.erb (Duration: 3.5ms | GC: 0.0ms)
Completed 200 OK in 11ms (Views: 4.2ms | ActiveRecord: 0.4ms (2 queries, 0 cached) | GC: 0.6ms)


Started DELETE "/products/4" for 127.0.0.1 at 2026-06-08 11:58:50 +0300
Processing by ProductsController#destroy as TURBO_STREAM
  Parameters: {"authenticity_token" => "[FILTERED]", "id" => "4"}
  [1m[36mSession Load (0.4ms)[0m  [1m[34mSELECT "sessions".* FROM "sessions" WHERE "sessions"."id" = 1 LIMIT 1 /*action='destroy',application='Store',controller='products'*/[0m
  ↳ app/controllers/concerns/authentication.rb:29:in 'Authentication#find_session_by_cookie'
  [1m[36mProduct Load (0.1ms)[0m  [1m[34mSELECT "products".* FROM "products" WHERE "products"."id" = 4 LIMIT 1 /*action='destroy',application='Store',controller='products'*/[0m
  ↳ app/controllers/products_controller.rb:41:in 'ProductsController#destroy'
  [1m[36mTRANSACTION (0.1ms)[0m  [1m[35mBEGIN immediate TRANSACTION /*action='destroy',application='Store',controller='products'*/[0m
  ↳ app/controllers/products_controller.rb:43:in 'ProductsController#destroy'
  [1m[36mProduct Destroy (0.9ms)[0m  [1m[31mDELETE FROM "products" WHERE "products"."id" = 4 /*action='destroy',application='Store',controller='products'*/[0m
  ↳ app/controllers/products_controller.rb:43:in 'ProductsController#destroy'
  [1m[36mTRANSACTION (0.1ms)[0m  [1m[35mCOMMIT TRANSACTION /*action='destroy',application='Store',controller='products'*/[0m
  ↳ app/controllers/products_controller.rb:43:in 'ProductsController#destroy'
Redirected to http://127.0.0.1:3000/products
↳ app/controllers/products_controller.rb:45:in 'ProductsController#destroy'
Completed 302 Found in 8ms (ActiveRecord: 1.6ms (3 queries, 0 cached) | GC: 0.3ms)


Started GET "/products" for 127.0.0.1 at 2026-06-08 11:58:50 +0300
Processing by ProductsController#index as TURBO_STREAM
  Rendering layout layouts/application.html.erb
  Rendering products/index.html.erb within layouts/application
  [1m[36mSession Load (0.1ms)[0m  [1m[34mSELECT "sessions".* FROM "sessions" WHERE "sessions"."id" = 1 LIMIT 1 /*action='index',application='Store',controller='products'*/[0m
  ↳ app/controllers/concerns/authentication.rb:29:in 'Authentication#find_session_by_cookie'
  [1m[36mProduct Load (0.1ms)[0m  [1m[34mSELECT "products".* FROM "products" /*action='index',application='Store',controller='products'*/[0m
  ↳ app/views/products/index.html.erb:9
  Rendered products/index.html.erb within layouts/application (Duration: 3.0ms | GC: 0.2ms)
  Rendered layout layouts/application.html.erb (Duration: 3.6ms | GC: 0.2ms)
Completed 200 OK in 5ms (Views: 3.8ms | ActiveRecord: 0.2ms (2 queries, 0 cached) | GC: 0.2ms)


Started GET "/products" for 127.0.0.1 at 2026-06-08 12:01:09 +0300
Processing by ProductsController#index as HTML
  Rendering layout layouts/application.html.erb
  Rendering products/index.html.erb within layouts/application
  [1m[36mSession Load (0.2ms)[0m  [1m[34mSELECT "sessions".* FROM "sessions" WHERE "sessions"."id" = 1 LIMIT 1 /*action='index',application='Store',controller='products'*/[0m
  ↳ app/controllers/concerns/authentication.rb:29:in 'Authentication#find_session_by_cookie'
  [1m[36mProduct Load (0.2ms)[0m  [1m[34mSELECT "products".* FROM "products" /*action='index',application='Store',controller='products'*/[0m
  ↳ app/views/products/index.html.erb:10
  Rendered products/index.html.erb within layouts/application (Duration: 9.9ms | GC: 0.4ms)
  Rendered layout layouts/application.html.erb (Duration: 12.8ms | GC: 0.7ms)
Completed 200 OK in 16ms (Views: 12.8ms | ActiveRecord: 1.2ms (2 queries, 0 cached) | GC: 0.7ms)


Started GET "/products/1/edit" for 127.0.0.1 at 2026-06-08 12:01:57 +0300
Processing by ProductsController#edit as HTML
  Parameters: {"id" => "1"}
  [1m[36mSession Load (0.2ms)[0m  [1m[34mSELECT "sessions".* FROM "sessions" WHERE "sessions"."id" = 1 LIMIT 1 /*action='edit',application='Store',controller='products'*/[0m
  ↳ app/controllers/concerns/authentication.rb:29:in 'Authentication#find_session_by_cookie'
  [1m[36mProduct Load (0.2ms)[0m  [1m[34mSELECT "products".* FROM "products" WHERE "products"."id" = 1 LIMIT 1 /*action='edit',application='Store',controller='products'*/[0m
  ↳ app/controllers/products_controller.rb:27:in 'ProductsController#edit'
  Rendering layout layouts/application.html.erb
  Rendering products/edit.html.erb within layouts/application
  Rendered products/edit.html.erb within layouts/application (Duration: 1.8ms | GC: 0.0ms)
  Rendered layout layouts/application.html.erb (Duration: 2.5ms | GC: 0.0ms)
Completed 200 OK in 9ms (Views: 3.1ms | ActiveRecord: 0.4ms (2 queries, 0 cached) | GC: 0.3ms)


Started GET "/products/1/edit" for 127.0.0.1 at 2026-06-08 12:01:57 +0300
Processing by ProductsController#edit as HTML
  Parameters: {"id" => "1"}
  [1m[36mSession Load (0.2ms)[0m  [1m[34mSELECT "sessions".* FROM "sessions" WHERE "sessions"."id" = 1 LIMIT 1 /*action='edit',application='Store',controller='products'*/[0m
  ↳ app/controllers/concerns/authentication.rb:29:in 'Authentication#find_session_by_cookie'
  [1m[36mProduct Load (0.3ms)[0m  [1m[34mSELECT "products".* FROM "products" WHERE "products"."id" = 1 LIMIT 1 /*action='edit',application='Store',controller='products'*/[0m
  ↳ app/controllers/products_controller.rb:27:in 'ProductsController#edit'
  Rendering layout layouts/application.html.erb
  Rendering products/edit.html.erb within layouts/application
  Rendered products/edit.html.erb within layouts/application (Duration: 1.4ms | GC: 0.0ms)
  Rendered layout layouts/application.html.erb (Duration: 2.7ms | GC: 0.0ms)
Completed 200 OK in 9ms (Views: 3.3ms | ActiveRecord: 0.5ms (2 queries, 0 cached) | GC: 0.0ms)


Started GET "/products/1/edit" for 127.0.0.1 at 2026-06-08 12:01:58 +0300
Processing by ProductsController#edit as HTML
  Parameters: {"id" => "1"}
  [1m[36mSession Load (0.2ms)[0m  [1m[34mSELECT "sessions".* FROM "sessions" WHERE "sessions"."id" = 1 LIMIT 1 /*action='edit',application='Store',controller='products'*/[0m
  ↳ app/controllers/concerns/authentication.rb:29:in 'Authentication#find_session_by_cookie'
  [1m[36mProduct Load (0.2ms)[0m  [1m[34mSELECT "products".* FROM "products" WHERE "products"."id" = 1 LIMIT 1 /*action='edit',application='Store',controller='products'*/[0m
  ↳ app/controllers/products_controller.rb:27:in 'ProductsController#edit'
  Rendering layout layouts/application.html.erb
  Rendering products/edit.html.erb within layouts/application
  Rendered products/edit.html.erb within layouts/application (Duration: 1.8ms | GC: 0.1ms)
  Rendered layout layouts/application.html.erb (Duration: 3.6ms | GC: 0.1ms)
Completed 200 OK in 10ms (Views: 4.3ms | ActiveRecord: 0.4ms (2 queries, 0 cached) | GC: 0.1ms)


Started GET "/products/3/edit" for 127.0.0.1 at 2026-06-08 12:02:00 +0300
Processing by ProductsController#edit as HTML
  Parameters: {"id" => "3"}
  [1m[36mSession Load (0.2ms)[0m  [1m[34mSELECT "sessions".* FROM "sessions" WHERE "sessions"."id" = 1 LIMIT 1 /*action='edit',application='Store',controller='products'*/[0m
  ↳ app/controllers/concerns/authentication.rb:29:in 'Authentication#find_session_by_cookie'
  [1m[36mProduct Load (0.2ms)[0m  [1m[34mSELECT "products".* FROM "products" WHERE "products"."id" = 3 LIMIT 1 /*action='edit',application='Store',controller='products'*/[0m
  ↳ app/controllers/products_controller.rb:27:in 'ProductsController#edit'
  Rendering layout layouts/application.html.erb
  Rendering products/edit.html.erb within layouts/application
  Rendered products/edit.html.erb within layouts/application (Duration: 1.7ms | GC: 0.0ms)
  Rendered layout layouts/application.html.erb (Duration: 3.1ms | GC: 0.0ms)
Completed 200 OK in 11ms (Views: 3.8ms | ActiveRecord: 0.4ms (2 queries, 0 cached) | GC: 1.2ms)


Started GET "/" for 127.0.0.1 at 2026-06-08 12:02:03 +0300
Processing by ProductsController#index as HTML
  Rendering layout layouts/application.html.erb
  Rendering products/index.html.erb within layouts/application
  [1m[36mSession Load (0.2ms)[0m  [1m[34mSELECT "sessions".* FROM "sessions" WHERE "sessions"."id" = 1 LIMIT 1 /*action='index',application='Store',controller='products'*/[0m
  ↳ app/controllers/concerns/authentication.rb:29:in 'Authentication#find_session_by_cookie'
  [1m[36mProduct Load (0.2ms)[0m  [1m[34mSELECT "products".* FROM "products" /*action='index',application='Store',controller='products'*/[0m
  ↳ app/views/products/index.html.erb:10
  Rendered products/index.html.erb within layouts/application (Duration: 6.0ms | GC: 0.0ms)
  Rendered layout layouts/application.html.erb (Duration: 6.9ms | GC: 0.0ms)
Completed 200 OK in 9ms (Views: 7.1ms | ActiveRecord: 0.4ms (2 queries, 0 cached) | GC: 0.0ms)


Started DELETE "/session" for 127.0.0.1 at 2026-06-08 12:02:05 +0300
Processing by SessionsController#destroy as TURBO_STREAM
  Parameters: {"authenticity_token" => "[FILTERED]"}
  [1m[36mSession Load (0.2ms)[0m  [1m[34mSELECT "sessions".* FROM "sessions" WHERE "sessions"."id" = 1 LIMIT 1 /*action='destroy',application='Store',controller='sessions'*/[0m
  ↳ app/controllers/concerns/authentication.rb:29:in 'Authentication#find_session_by_cookie'
  [1m[36mTRANSACTION (0.1ms)[0m  [1m[35mBEGIN immediate TRANSACTION /*action='destroy',application='Store',controller='sessions'*/[0m
  ↳ app/controllers/concerns/authentication.rb:49:in 'Authentication#terminate_session'
  [1m[36mSession Destroy (1.3ms)[0m  [1m[31mDELETE FROM "sessions" WHERE "sessions"."id" = 1 /*action='destroy',application='Store',controller='sessions'*/[0m
  ↳ app/controllers/concerns/authentication.rb:49:in 'Authentication#terminate_session'
  [1m[36mTRANSACTION (0.1ms)[0m  [1m[35mCOMMIT TRANSACTION /*action='destroy',application='Store',controller='sessions'*/[0m
  ↳ app/controllers/concerns/authentication.rb:49:in 'Authentication#terminate_session'
Redirected to http://127.0.0.1:3000/session/new
↳ app/controllers/sessions_controller.rb:19:in 'SessionsController#destroy'
Completed 303 See Other in 8ms (ActiveRecord: 1.6ms (2 queries, 0 cached) | GC: 0.0ms)


Started GET "/session/new" for 127.0.0.1 at 2026-06-08 12:02:05 +0300
Processing by SessionsController#new as TURBO_STREAM
  Rendering layout layouts/application.html.erb
  Rendering sessions/new.html.erb within layouts/application
  Rendered sessions/new.html.erb within layouts/application (Duration: 1.2ms | GC: 0.0ms)
  Rendered layout layouts/application.html.erb (Duration: 1.6ms | GC: 0.0ms)
Completed 200 OK in 3ms (Views: 2.0ms | ActiveRecord: 0.0ms (0 queries, 0 cached) | GC: 0.0ms)


Started GET "/" for 127.0.0.1 at 2026-06-08 12:02:07 +0300
Processing by ProductsController#index as HTML
  Rendering layout layouts/application.html.erb
  Rendering products/index.html.erb within layouts/application
  [1m[36mProduct Load (0.2ms)[0m  [1m[34mSELECT "products".* FROM "products" /*action='index',application='Store',controller='products'*/[0m
  ↳ app/views/products/index.html.erb:10
  Rendered products/index.html.erb within layouts/application (Duration: 4.1ms | GC: 0.0ms)
  Rendered layout layouts/application.html.erb (Duration: 5.2ms | GC: 0.0ms)
Completed 200 OK in 7ms (Views: 5.7ms | ActiveRecord: 0.2ms (1 query, 0 cached) | GC: 0.0ms)


Started GET "/" for 127.0.0.1 at 2026-06-08 12:02:08 +0300
Processing by ProductsController#index as HTML
  Rendering layout layouts/application.html.erb
  Rendering products/index.html.erb within layouts/application
  [1m[36mProduct Load (0.2ms)[0m  [1m[34mSELECT "products".* FROM "products" /*action='index',application='Store',controller='products'*/[0m
  ↳ app/views/products/index.html.erb:10
  Rendered products/index.html.erb within layouts/application (Duration: 13.1ms | GC: 8.7ms)
  Rendered layout layouts/application.html.erb (Duration: 14.0ms | GC: 8.7ms)
Completed 200 OK in 16ms (Views: 14.5ms | ActiveRecord: 0.2ms (1 query, 0 cached) | GC: 8.7ms)


Started GET "/" for 127.0.0.1 at 2026-06-08 12:02:08 +0300
Processing by ProductsController#index as HTML
  Rendering layout layouts/application.html.erb
  Rendering products/index.html.erb within layouts/application
  [1m[36mProduct Load (0.2ms)[0m  [1m[34mSELECT "products".* FROM "products" /*action='index',application='Store',controller='products'*/[0m
  ↳ app/views/products/index.html.erb:10
  Rendered products/index.html.erb within layouts/application (Duration: 4.6ms | GC: 0.0ms)
  Rendered layout layouts/application.html.erb (Duration: 6.8ms | GC: 1.1ms)
Completed 200 OK in 9ms (Views: 7.3ms | ActiveRecord: 0.2ms (1 query, 0 cached) | GC: 1.1ms)


Started GET "/products/1" for 127.0.0.1 at 2026-06-08 12:02:09 +0300
Processing by ProductsController#show as HTML
  Parameters: {"id" => "1"}
  [1m[36mProduct Load (0.1ms)[0m  [1m[34mSELECT "products".* FROM "products" WHERE "products"."id" = 1 LIMIT 1 /*action='show',application='Store',controller='products'*/[0m
  ↳ app/controllers/products_controller.rb:9:in 'ProductsController#show'
  Rendering layout layouts/application.html.erb
  Rendering products/show.html.erb within layouts/application
  Rendered products/show.html.erb within layouts/application (Duration: 0.5ms | GC: 0.0ms)
  Rendered layout layouts/application.html.erb (Duration: 1.5ms | GC: 0.0ms)
Completed 200 OK in 3ms (Views: 1.9ms | ActiveRecord: 0.1ms (1 query, 0 cached) | GC: 0.0ms)


Started GET "/session/new" for 127.0.0.1 at 2026-06-08 12:02:10 +0300
Processing by SessionsController#new as HTML
  Rendering layout layouts/application.html.erb
  Rendering sessions/new.html.erb within layouts/application
  Rendered sessions/new.html.erb within layouts/application (Duration: 2.1ms | GC: 0.0ms)
  Rendered layout layouts/application.html.erb (Duration: 3.2ms | GC: 0.0ms)
Completed 200 OK in 5ms (Views: 3.9ms | ActiveRecord: 0.0ms (0 queries, 0 cached) | GC: 0.0ms)


Started GET "/session/new" for 127.0.0.1 at 2026-06-08 12:02:10 +0300
Processing by SessionsController#new as HTML
  Rendering layout layouts/application.html.erb
  Rendering sessions/new.html.erb within layouts/application
  Rendered sessions/new.html.erb within layouts/application (Duration: 2.2ms | GC: 0.0ms)
  Rendered layout layouts/application.html.erb (Duration: 3.6ms | GC: 0.0ms)
Completed 200 OK in 6ms (Views: 4.3ms | ActiveRecord: 0.0ms (0 queries, 0 cached) | GC: 0.8ms)


Started GET "/session/new" for 127.0.0.1 at 2026-06-08 12:04:35 +0300
Processing by SessionsController#new as HTML
  Rendering layout layouts/application.html.erb
  Rendering sessions/new.html.erb within layouts/application
  Rendered sessions/new.html.erb within layouts/application (Duration: 1.5ms | GC: 0.0ms)
  Rendered layout layouts/application.html.erb (Duration: 4.4ms | GC: 0.0ms)
Completed 200 OK in 6ms (Views: 5.3ms | ActiveRecord: 0.0ms (0 queries, 0 cached) | GC: 0.0ms)


Started GET "/" for 127.0.0.1 at 2026-06-08 12:04:36 +0300
Processing by ProductsController#index as HTML
  Rendering layout layouts/application.html.erb
  Rendering products/index.html.erb within layouts/application
  [1m[36mProduct Load (0.9ms)[0m  [1m[34mSELECT "products".* FROM "products" /*action='index',application='Store',controller='products'*/[0m
  ↳ app/views/products/index.html.erb:9
  Rendered products/index.html.erb within layouts/application (Duration: 9.2ms | GC: 0.0ms)
  Rendered layout layouts/application.html.erb (Duration: 10.1ms | GC: 0.0ms)
Completed 200 OK in 15ms (Views: 9.9ms | ActiveRecord: 1.6ms (1 query, 0 cached) | GC: 0.0ms)


Started GET "/" for 127.0.0.1 at 2026-06-08 12:16:29 +0300
  [1m[36mActiveRecord::SchemaMigration Load (0.1ms)[0m  [1m[34mSELECT "schema_migrations"."version" FROM "schema_migrations" ORDER BY "schema_migrations"."version" ASC /*application='Store'*/[0m
Processing by ProductsController#index as HTML
  Rendering layout layouts/application.html.erb
  Rendering products/index.html.erb within layouts/application
  [1m[36mProduct Load (1.0ms)[0m  [1m[34mSELECT "products".* FROM "products" /*action='index',application='Store',controller='products'*/[0m
  ↳ app/views/products/index.html.erb:9
  Rendered products/index.html.erb within layouts/application (Duration: 13.7ms | GC: 0.0ms)
  Rendered layout layouts/application.html.erb (Duration: 20.4ms | GC: 0.0ms)
Completed 200 OK in 35ms (Views: 20.8ms | ActiveRecord: 1.8ms (1 query, 0 cached) | GC: 0.0ms)


Started GET "/" for 127.0.0.1 at 2026-06-08 12:16:30 +0300
Processing by ProductsController#index as HTML
  Rendering layout layouts/application.html.erb
  Rendering products/index.html.erb within layouts/application
  [1m[36mProduct Load (0.3ms)[0m  [1m[34mSELECT "products".* FROM "products" /*action='index',application='Store',controller='products'*/[0m
  ↳ app/views/products/index.html.erb:9
  Rendered products/index.html.erb within layouts/application (Duration: 6.5ms | GC: 0.0ms)
  Rendered layout layouts/application.html.erb (Duration: 8.2ms | GC: 0.0ms)
Completed 200 OK in 10ms (Views: 8.9ms | ActiveRecord: 0.3ms (1 query, 0 cached) | GC: 0.0ms)


Started GET "/session/new" for 127.0.0.1 at 2026-06-08 12:16:31 +0300
Processing by SessionsController#new as HTML
  Rendering layout layouts/application.html.erb
  Rendering sessions/new.html.erb within layouts/application
  Rendered sessions/new.html.erb within layouts/application (Duration: 10.3ms | GC: 7.2ms)
  Rendered layout layouts/application.html.erb (Duration: 13.8ms | GC: 9.5ms)
Completed 200 OK in 19ms (Views: 16.5ms | ActiveRecord: 0.0ms (0 queries, 0 cached) | GC: 12.4ms)


Started GET "/passwords/new" for 127.0.0.1 at 2026-06-08 12:16:32 +0300
Processing by PasswordsController#new as HTML
  Rendering layout layouts/application.html.erb
  Rendering passwords/new.html.erb within layouts/application
  Rendered passwords/new.html.erb within layouts/application (Duration: 4.1ms | GC: 2.8ms)
  Rendered layout layouts/application.html.erb (Duration: 6.3ms | GC: 4.3ms)
Completed 200 OK in 12ms (Views: 7.0ms | ActiveRecord: 0.0ms (0 queries, 0 cached) | GC: 7.7ms)


  [1m[36mActiveRecord::InternalMetadata Load (0.2ms)[0m  [1m[34mSELECT * FROM "ar_internal_metadata" WHERE "ar_internal_metadata"."key" = 'environment' ORDER BY "ar_internal_metadata"."key" ASC LIMIT 1 /*application='Store'*/[0m
  [1m[36mActiveRecord::SchemaMigration Load (0.1ms)[0m  [1m[34mSELECT "schema_migrations"."version" FROM "schema_migrations" ORDER BY "schema_migrations"."version" ASC /*application='Store'*/[0m
Migrating to CreateArticles (20260608092640)
  [1m[36mTRANSACTION (0.0ms)[0m  [1m[35mBEGIN immediate TRANSACTION /*application='Store'*/[0m
  [1m[35m (0.8ms)[0m  [1m[35mCREATE TABLE "articles" ("id" integer PRIMARY KEY AUTOINCREMENT NOT NULL, "title" varchar, "body" text, "reports_count" integer, "archived" boolean, "user_id" integer NOT NULL, "created_at" datetime(6) NOT NULL, "updated_at" datetime(6) NOT NULL, CONSTRAINT "fk_rails_3d31dad1cc"
FOREIGN KEY ("user_id")
  REFERENCES "users" ("id")
) /*application='Store'*/[0m
  [1m[35m (0.1ms)[0m  [1m[35mCREATE INDEX "index_articles_on_user_id" ON "articles" ("user_id") /*application='Store'*/[0m
  [1m[36mActiveRecord::SchemaMigration Create (0.1ms)[0m  [1m[32mINSERT INTO "schema_migrations" ("version") VALUES ('20260608092640') RETURNING "version" /*application='Store'*/[0m
  [1m[36mTRANSACTION (0.9ms)[0m  [1m[35mCOMMIT TRANSACTION /*application='Store'*/[0m
  [1m[36mActiveRecord::SchemaMigration Load (0.1ms)[0m  [1m[34mSELECT "schema_migrations"."version" FROM "schema_migrations" ORDER BY "schema_migrations"."version" ASC /*application='Store'*/[0m
  [1m[36mActiveRecord::InternalMetadata Load (0.2ms)[0m  [1m[34mSELECT * FROM "ar_internal_metadata" WHERE "ar_internal_metadata"."key" = 'environment' ORDER BY "ar_internal_metadata"."key" ASC LIMIT 1 /*application='Store'*/[0m
  [1m[36mActiveRecord::SchemaMigration Load (0.1ms)[0m  [1m[34mSELECT "schema_migrations"."version" FROM "schema_migrations" ORDER BY "schema_migrations"."version" ASC /*application='Store'*/[0m
  [1m[36mActiveRecord::SchemaMigration Load (0.0ms)[0m  [1m[34mSELECT "schema_migrations"."version" FROM "schema_migrations" ORDER BY "schema_migrations"."version" ASC /*application='Store'*/[0m
  [1m[36mActiveRecord::InternalMetadata Load (0.2ms)[0m  [1m[34mSELECT * FROM "ar_internal_metadata" WHERE "ar_internal_metadata"."key" = 'environment' ORDER BY "ar_internal_metadata"."key" ASC LIMIT 1 /*application='Store'*/[0m
  [1m[36mActiveRecord::SchemaMigration Load (0.1ms)[0m  [1m[34mSELECT "schema_migrations"."version" FROM "schema_migrations" ORDER BY "schema_migrations"."version" ASC /*application='Store'*/[0m
Migrating to CreateActiveStorageTables (20260608093114)
  [1m[36mTRANSACTION (0.0ms)[0m  [1m[35mBEGIN immediate TRANSACTION /*application='Store'*/[0m
  [1m[35m (0.8ms)[0m  [1m[35mCREATE TABLE "active_storage_blobs" ("id" integer PRIMARY KEY AUTOINCREMENT NOT NULL, "key" varchar NOT NULL, "filename" varchar NOT NULL, "content_type" varchar, "metadata" text, "service_name" varchar NOT NULL, "byte_size" bigint NOT NULL, "checksum" varchar, "created_at" datetime(6) NOT NULL) /*application='Store'*/[0m
  [1m[35m (0.1ms)[0m  [1m[35mCREATE UNIQUE INDEX "index_active_storage_blobs_on_key" ON "active_storage_blobs" ("key") /*application='Store'*/[0m
  [1m[35m (0.1ms)[0m  [1m[35mCREATE TABLE "active_storage_attachments" ("id" integer PRIMARY KEY AUTOINCREMENT NOT NULL, "name" varchar NOT NULL, "record_type" varchar NOT NULL, "record_id" bigint NOT NULL, "blob_id" bigint NOT NULL, "created_at" datetime(6) NOT NULL, CONSTRAINT "fk_rails_c3b3935057"
FOREIGN KEY ("blob_id")
  REFERENCES "active_storage_blobs" ("id")
) /*application='Store'*/[0m
  [1m[35m (0.1ms)[0m  [1m[35mCREATE INDEX "index_active_storage_attachments_on_blob_id" ON "active_storage_attachments" ("blob_id") /*application='Store'*/[0m
  [1m[35m (0.0ms)[0m  [1m[35mCREATE UNIQUE INDEX "index_active_storage_attachments_uniqueness" ON "active_storage_attachments" ("record_type", "record_id", "name", "blob_id") /*application='Store'*/[0m
  [1m[35m (0.1ms)[0m  [1m[35mCREATE TABLE "active_storage_variant_records" ("id" integer PRIMARY KEY AUTOINCREMENT NOT NULL, "blob_id" bigint NOT NULL, "variation_digest" varchar NOT NULL, CONSTRAINT "fk_rails_993965df05"
FOREIGN KEY ("blob_id")
  REFERENCES "active_storage_blobs" ("id")
) /*application='Store'*/[0m
  [1m[35m (0.1ms)[0m  [1m[35mCREATE UNIQUE INDEX "index_active_storage_variant_records_uniqueness" ON "active_storage_variant_records" ("blob_id", "variation_digest") /*application='Store'*/[0m
  [1m[36mActiveRecord::SchemaMigration Create (0.1ms)[0m  [1m[32mINSERT INTO "schema_migrations" ("version") VALUES ('20260608093114') RETURNING "version" /*application='Store'*/[0m
  [1m[36mTRANSACTION (10.7ms)[0m  [1m[35mCOMMIT TRANSACTION /*application='Store'*/[0m
  [1m[36mActiveRecord::SchemaMigration Load (0.6ms)[0m  [1m[34mSELECT "schema_migrations"."version" FROM "schema_migrations" ORDER BY "schema_migrations"."version" ASC /*application='Store'*/[0m
  [1m[36mArticle Load (2.5ms)[0m  [1m[34mSELECT "articles".* FROM "articles" WHERE (reports_count >= 6) /*application='Store'*/[0m
  ↳ lib/tasks/articles.rake:8:in 'block (2 levels) in <compiled>'
Started GET "/" for ::1 at 2026-06-08 12:44:03 +0300
  [1m[36mActiveRecord::SchemaMigration Load (0.3ms)[0m  [1m[34mSELECT "schema_migrations"."version" FROM "schema_migrations" ORDER BY "schema_migrations"."version" ASC /*application='Store'*/[0m
Processing by ArticlesController#index as HTML
  Rendering layout layouts/application.html.erb
  Rendering articles/index.html.erb within layouts/application
  [1m[36mArticle Load (0.5ms)[0m  [1m[34mSELECT "articles".* FROM "articles" WHERE "articles"."archived" = FALSE /*action='index',application='Store',controller='articles'*/[0m
  ↳ app/views/articles/index.html.erb:8
  Rendered articles/index.html.erb within layouts/application (Duration: 9.1ms | GC: 0.0ms)
  Rendered layout layouts/application.html.erb (Duration: 20.5ms | GC: 0.0ms)
Completed 200 OK in 49ms (Views: 28.9ms | ActiveRecord: 1.8ms (1 query, 0 cached) | GC: 0.0ms)


Started GET "/" for 127.0.0.1 at 2026-06-08 12:44:10 +0300
Processing by ArticlesController#index as HTML
  Rendering layout layouts/application.html.erb
  Rendering articles/index.html.erb within layouts/application
  [1m[36mArticle Load (0.2ms)[0m  [1m[34mSELECT "articles".* FROM "articles" WHERE "articles"."archived" = FALSE /*action='index',application='Store',controller='articles'*/[0m
  ↳ app/views/articles/index.html.erb:8
  Rendered articles/index.html.erb within layouts/application (Duration: 5.0ms | GC: 3.2ms)
  Rendered layout layouts/application.html.erb (Duration: 13.5ms | GC: 8.1ms)
Completed 200 OK in 17ms (Views: 14.0ms | ActiveRecord: 0.2ms (1 query, 0 cached) | GC: 9.5ms)


Started GET "/" for 127.0.0.1 at 2026-06-08 12:44:14 +0300
Processing by ArticlesController#index as HTML
  Rendering layout layouts/application.html.erb
  Rendering articles/index.html.erb within layouts/application
  [1m[36mArticle Load (0.2ms)[0m  [1m[34mSELECT "articles".* FROM "articles" WHERE "articles"."archived" = FALSE /*action='index',application='Store',controller='articles'*/[0m
  ↳ app/views/articles/index.html.erb:8
  Rendered articles/index.html.erb within layouts/application (Duration: 2.8ms | GC: 1.6ms)
  Rendered layout layouts/application.html.erb (Duration: 4.6ms | GC: 2.4ms)
Completed 200 OK in 8ms (Views: 5.9ms | ActiveRecord: 0.1ms (1 query, 0 cached) | GC: 4.3ms)


Started GET "/" for 127.0.0.1 at 2026-06-08 12:44:15 +0300
Processing by ArticlesController#index as HTML
  Rendering layout layouts/application.html.erb
  Rendering articles/index.html.erb within layouts/application
  [1m[36mArticle Load (0.1ms)[0m  [1m[34mSELECT "articles".* FROM "articles" WHERE "articles"."archived" = FALSE /*action='index',application='Store',controller='articles'*/[0m
  ↳ app/views/articles/index.html.erb:8
  Rendered articles/index.html.erb within layouts/application (Duration: 5.5ms | GC: 4.1ms)
  Rendered layout layouts/application.html.erb (Duration: 10.0ms | GC: 7.2ms)
Completed 200 OK in 14ms (Views: 10.7ms | ActiveRecord: 0.1ms (1 query, 0 cached) | GC: 9.0ms)


Started GET "/" for 127.0.0.1 at 2026-06-08 12:44:15 +0300
Processing by ArticlesController#index as HTML
  Rendering layout layouts/application.html.erb
  Rendering articles/index.html.erb within layouts/application
  [1m[36mArticle Load (0.2ms)[0m  [1m[34mSELECT "articles".* FROM "articles" WHERE "articles"."archived" = FALSE /*action='index',application='Store',controller='articles'*/[0m
  ↳ app/views/articles/index.html.erb:8
  Rendered articles/index.html.erb within layouts/application (Duration: 2.4ms | GC: 1.0ms)
  Rendered layout layouts/application.html.erb (Duration: 5.9ms | GC: 3.4ms)
Completed 200 OK in 10ms (Views: 6.8ms | ActiveRecord: 0.2ms (1 query, 0 cached) | GC: 5.9ms)


Started GET "/" for 127.0.0.1 at 2026-06-08 12:44:15 +0300
Processing by ArticlesController#index as HTML
  Rendering layout layouts/application.html.erb
  Rendering articles/index.html.erb within layouts/application
  [1m[36mArticle Load (0.3ms)[0m  [1m[34mSELECT "articles".* FROM "articles" WHERE "articles"."archived" = FALSE /*action='index',application='Store',controller='articles'*/[0m
  ↳ app/views/articles/index.html.erb:8
  Rendered articles/index.html.erb within layouts/application (Duration: 2.0ms | GC: 0.0ms)
  Rendered layout layouts/application.html.erb (Duration: 3.5ms | GC: 0.0ms)
Completed 200 OK in 6ms (Views: 4.0ms | ActiveRecord: 0.3ms (1 query, 0 cached) | GC: 0.0ms)


Started GET "/" for 127.0.0.1 at 2026-06-08 12:46:38 +0300
Processing by ArticlesController#index as HTML
  Rendering layout layouts/application.html.erb
  Rendering articles/index.html.erb within layouts/application
  [1m[36mArticle Load (0.1ms)[0m  [1m[34mSELECT "articles".* FROM "articles" WHERE "articles"."archived" = FALSE /*action='index',application='Store',controller='articles'*/[0m
  ↳ app/views/articles/index.html.erb:8
  Rendered articles/index.html.erb within layouts/application (Duration: 2.0ms | GC: 0.0ms)
  Rendered layout layouts/application.html.erb (Duration: 3.9ms | GC: 0.0ms)
Completed 200 OK in 14ms (Views: 5.2ms | ActiveRecord: 1.6ms (1 query, 0 cached) | GC: 0.9ms)


Started GET "/" for 127.0.0.1 at 2026-06-08 12:46:39 +0300
Processing by ArticlesController#index as HTML
  Rendering layout layouts/application.html.erb
  Rendering articles/index.html.erb within layouts/application
  [1m[36mArticle Load (0.2ms)[0m  [1m[34mSELECT "articles".* FROM "articles" WHERE "articles"."archived" = FALSE /*action='index',application='Store',controller='articles'*/[0m
  ↳ app/views/articles/index.html.erb:8
  Rendered articles/index.html.erb within layouts/application (Duration: 2.1ms | GC: 0.0ms)
  Rendered layout layouts/application.html.erb (Duration: 3.8ms | GC: 0.0ms)
Completed 200 OK in 6ms (Views: 4.2ms | ActiveRecord: 0.2ms (1 query, 0 cached) | GC: 0.0ms)


Started GET "/" for 127.0.0.1 at 2026-06-08 12:46:39 +0300
Processing by ArticlesController#index as HTML
  Rendering layout layouts/application.html.erb
  Rendering articles/index.html.erb within layouts/application
  [1m[36mArticle Load (0.2ms)[0m  [1m[34mSELECT "articles".* FROM "articles" WHERE "articles"."archived" = FALSE /*action='index',application='Store',controller='articles'*/[0m
  ↳ app/views/articles/index.html.erb:8
  Rendered articles/index.html.erb within layouts/application (Duration: 2.3ms | GC: 0.0ms)
  Rendered layout layouts/application.html.erb (Duration: 3.9ms | GC: 0.0ms)
Completed 200 OK in 7ms (Views: 4.5ms | ActiveRecord: 0.2ms (1 query, 0 cached) | GC: 0.3ms)


Started GET "/" for 127.0.0.1 at 2026-06-08 12:46:39 +0300
Processing by ArticlesController#index as HTML
  Rendering layout layouts/application.html.erb
  Rendering articles/index.html.erb within layouts/application
  [1m[36mArticle Load (0.3ms)[0m  [1m[34mSELECT "articles".* FROM "articles" WHERE "articles"."archived" = FALSE /*action='index',application='Store',controller='articles'*/[0m
  ↳ app/views/articles/index.html.erb:8
  Rendered articles/index.html.erb within layouts/application (Duration: 1.7ms | GC: 0.0ms)
  Rendered layout layouts/application.html.erb (Duration: 2.6ms | GC: 0.0ms)
Completed 200 OK in 4ms (Views: 2.7ms | ActiveRecord: 0.3ms (1 query, 0 cached) | GC: 0.0ms)


Started GET "/" for 127.0.0.1 at 2026-06-08 12:46:39 +0300
Processing by ArticlesController#index as HTML
  Rendering layout layouts/application.html.erb
  Rendering articles/index.html.erb within layouts/application
  [1m[36mArticle Load (0.3ms)[0m  [1m[34mSELECT "articles".* FROM "articles" WHERE "articles"."archived" = FALSE /*action='index',application='Store',controller='articles'*/[0m
  ↳ app/views/articles/index.html.erb:8
  Rendered articles/index.html.erb within layouts/application (Duration: 2.1ms | GC: 0.0ms)
  Rendered layout layouts/application.html.erb (Duration: 4.1ms | GC: 0.0ms)
Completed 200 OK in 7ms (Views: 4.6ms | ActiveRecord: 0.3ms (1 query, 0 cached) | GC: 0.0ms)


Started GET "/" for 127.0.0.1 at 2026-06-08 12:46:40 +0300
Processing by ArticlesController#index as HTML
  Rendering layout layouts/application.html.erb
  Rendering articles/index.html.erb within layouts/application
  [1m[36mArticle Load (0.3ms)[0m  [1m[34mSELECT "articles".* FROM "articles" WHERE "articles"."archived" = FALSE /*action='index',application='Store',controller='articles'*/[0m
  ↳ app/views/articles/index.html.erb:8
  Rendered articles/index.html.erb within layouts/application (Duration: 2.1ms | GC: 0.0ms)
  Rendered layout layouts/application.html.erb (Duration: 3.9ms | GC: 0.0ms)
Completed 200 OK in 6ms (Views: 4.3ms | ActiveRecord: 0.3ms (1 query, 0 cached) | GC: 0.0ms)


Started GET "/" for 127.0.0.1 at 2026-06-08 12:46:40 +0300
Processing by ArticlesController#index as HTML
  Rendering layout layouts/application.html.erb
  Rendering articles/index.html.erb within layouts/application
  [1m[36mArticle Load (0.4ms)[0m  [1m[34mSELECT "articles".* FROM "articles" WHERE "articles"."archived" = FALSE /*action='index',application='Store',controller='articles'*/[0m
  ↳ app/views/articles/index.html.erb:8
  Rendered articles/index.html.erb within layouts/application (Duration: 3.0ms | GC: 0.0ms)
  Rendered layout layouts/application.html.erb (Duration: 5.3ms | GC: 0.0ms)
Completed 200 OK in 8ms (Views: 5.9ms | ActiveRecord: 0.3ms (1 query, 0 cached) | GC: 0.0ms)


Started GET "/" for 127.0.0.1 at 2026-06-08 12:46:40 +0300
Processing by ArticlesController#index as HTML
  Rendering layout layouts/application.html.erb
  Rendering articles/index.html.erb within layouts/application
  [1m[36mArticle Load (0.2ms)[0m  [1m[34mSELECT "articles".* FROM "articles" WHERE "articles"."archived" = FALSE /*action='index',application='Store',controller='articles'*/[0m
  ↳ app/views/articles/index.html.erb:8
  Rendered articles/index.html.erb within layouts/application (Duration: 2.0ms | GC: 0.0ms)
  Rendered layout layouts/application.html.erb (Duration: 3.6ms | GC: 0.0ms)
Completed 200 OK in 6ms (Views: 4.2ms | ActiveRecord: 0.2ms (1 query, 0 cached) | GC: 0.0ms)


Started GET "/" for 127.0.0.1 at 2026-06-08 12:46:40 +0300
Processing by ArticlesController#index as HTML
  Rendering layout layouts/application.html.erb
  Rendering articles/index.html.erb within layouts/application
  [1m[36mArticle Load (0.2ms)[0m  [1m[34mSELECT "articles".* FROM "articles" WHERE "articles"."archived" = FALSE /*action='index',application='Store',controller='articles'*/[0m
  ↳ app/views/articles/index.html.erb:8
  Rendered articles/index.html.erb within layouts/application (Duration: 2.2ms | GC: 0.0ms)
  Rendered layout layouts/application.html.erb (Duration: 3.6ms | GC: 0.0ms)
Completed 200 OK in 6ms (Views: 4.1ms | ActiveRecord: 0.2ms (1 query, 0 cached) | GC: 0.0ms)


Started GET "/" for 127.0.0.1 at 2026-06-08 12:46:40 +0300
Processing by ArticlesController#index as HTML
  Rendering layout layouts/application.html.erb
  Rendering articles/index.html.erb within layouts/application
  [1m[36mArticle Load (0.2ms)[0m  [1m[34mSELECT "articles".* FROM "articles" WHERE "articles"."archived" = FALSE /*action='index',application='Store',controller='articles'*/[0m
  ↳ app/views/articles/index.html.erb:8
  Rendered articles/index.html.erb within layouts/application (Duration: 2.1ms | GC: 0.0ms)
  Rendered layout layouts/application.html.erb (Duration: 3.5ms | GC: 0.0ms)
Completed 200 OK in 5ms (Views: 3.9ms | ActiveRecord: 0.2ms (1 query, 0 cached) | GC: 0.0ms)


Started GET "/" for 127.0.0.1 at 2026-06-08 12:46:40 +0300
Processing by ArticlesController#index as HTML
  Rendering layout layouts/application.html.erb
  Rendering articles/index.html.erb within layouts/application
  [1m[36mArticle Load (0.2ms)[0m  [1m[34mSELECT "articles".* FROM "articles" WHERE "articles"."archived" = FALSE /*action='index',application='Store',controller='articles'*/[0m
  ↳ app/views/articles/index.html.erb:8
  Rendered articles/index.html.erb within layouts/application (Duration: 2.0ms | GC: 0.0ms)
  Rendered layout layouts/application.html.erb (Duration: 19.4ms | GC: 16.2ms)
Completed 200 OK in 21ms (Views: 19.9ms | ActiveRecord: 0.2ms (1 query, 0 cached) | GC: 16.2ms)


Started GET "/" for 127.0.0.1 at 2026-06-08 12:46:41 +0300
Processing by ArticlesController#index as HTML
  Rendering layout layouts/application.html.erb
  Rendering articles/index.html.erb within layouts/application
  [1m[36mArticle Load (0.4ms)[0m  [1m[34mSELECT "articles".* FROM "articles" WHERE "articles"."archived" = FALSE /*action='index',application='Store',controller='articles'*/[0m
  ↳ app/views/articles/index.html.erb:8
  Rendered articles/index.html.erb within layouts/application (Duration: 2.3ms | GC: 0.0ms)
  Rendered layout layouts/application.html.erb (Duration: 3.8ms | GC: 0.0ms)
Completed 200 OK in 6ms (Views: 4.2ms | ActiveRecord: 0.3ms (1 query, 0 cached) | GC: 0.0ms)


Started GET "/" for 127.0.0.1 at 2026-06-08 12:46:41 +0300
Processing by ArticlesController#index as HTML
  Rendering layout layouts/application.html.erb
  Rendering articles/index.html.erb within layouts/application
  [1m[36mArticle Load (0.3ms)[0m  [1m[34mSELECT "articles".* FROM "articles" WHERE "articles"."archived" = FALSE /*action='index',application='Store',controller='articles'*/[0m
  ↳ app/views/articles/index.html.erb:8
  Rendered articles/index.html.erb within layouts/application (Duration: 2.4ms | GC: 0.0ms)
  Rendered layout layouts/application.html.erb (Duration: 4.3ms | GC: 0.0ms)
Completed 200 OK in 6ms (Views: 4.8ms | ActiveRecord: 0.2ms (1 query, 0 cached) | GC: 0.0ms)


Started GET "/" for 127.0.0.1 at 2026-06-08 12:46:41 +0300
Processing by ArticlesController#index as HTML
  Rendering layout layouts/application.html.erb
  Rendering articles/index.html.erb within layouts/application
  [1m[36mArticle Load (0.3ms)[0m  [1m[34mSELECT "articles".* FROM "articles" WHERE "articles"."archived" = FALSE /*action='index',application='Store',controller='articles'*/[0m
  ↳ app/views/articles/index.html.erb:8
  Rendered articles/index.html.erb within layouts/application (Duration: 3.5ms | GC: 1.1ms)
  Rendered layout layouts/application.html.erb (Duration: 5.1ms | GC: 1.1ms)
Completed 200 OK in 8ms (Views: 5.6ms | ActiveRecord: 0.3ms (1 query, 0 cached) | GC: 1.1ms)


Started GET "/" for 127.0.0.1 at 2026-06-08 12:46:41 +0300
Processing by ArticlesController#index as HTML
  Rendering layout layouts/application.html.erb
  Rendering articles/index.html.erb within layouts/application
  [1m[36mArticle Load (0.3ms)[0m  [1m[34mSELECT "articles".* FROM "articles" WHERE "articles"."archived" = FALSE /*action='index',application='Store',controller='articles'*/[0m
  ↳ app/views/articles/index.html.erb:8
  Rendered articles/index.html.erb within layouts/application (Duration: 3.4ms | GC: 0.0ms)
  Rendered layout layouts/application.html.erb (Duration: 6.5ms | GC: 0.0ms)
Completed 200 OK in 10ms (Views: 7.7ms | ActiveRecord: 0.2ms (1 query, 0 cached) | GC: 0.0ms)


Started GET "/" for 127.0.0.1 at 2026-06-08 12:46:51 +0300
Processing by ArticlesController#index as HTML
  Rendering layout layouts/application.html.erb
  Rendering articles/index.html.erb within layouts/application
  [1m[36mArticle Load (0.3ms)[0m  [1m[34mSELECT "articles".* FROM "articles" WHERE "articles"."archived" = FALSE /*action='index',application='Store',controller='articles'*/[0m
  ↳ app/views/articles/index.html.erb:8
  Rendered articles/index.html.erb within layouts/application (Duration: 2.3ms | GC: 0.0ms)
  Rendered layout layouts/application.html.erb (Duration: 4.1ms | GC: 0.0ms)
Completed 200 OK in 6ms (Views: 4.7ms | ActiveRecord: 0.3ms (1 query, 0 cached) | GC: 0.0ms)


Started GET "/" for 127.0.0.1 at 2026-06-08 12:47:52 +0300
Processing by ArticlesController#index as HTML
  Rendering layout layouts/application.html.erb
  Rendering articles/index.html.erb within layouts/application
  [1m[36mArticle Load (0.4ms)[0m  [1m[34mSELECT "articles".* FROM "articles" WHERE "articles"."archived" = FALSE /*action='index',application='Store',controller='articles'*/[0m
  ↳ app/views/articles/index.html.erb:8
  Rendered articles/index.html.erb within layouts/application (Duration: 2.1ms | GC: 0.0ms)
  Rendered layout layouts/application.html.erb (Duration: 3.5ms | GC: 0.0ms)
Completed 200 OK in 6ms (Views: 3.8ms | ActiveRecord: 0.4ms (1 query, 0 cached) | GC: 0.3ms)


Started GET "/" for 127.0.0.1 at 2026-06-08 12:47:52 +0300
Processing by ArticlesController#index as HTML
  Rendering layout layouts/application.html.erb
  Rendering articles/index.html.erb within layouts/application
  [1m[36mArticle Load (0.2ms)[0m  [1m[34mSELECT "articles".* FROM "articles" WHERE "articles"."archived" = FALSE /*action='index',application='Store',controller='articles'*/[0m
  ↳ app/views/articles/index.html.erb:8
  Rendered articles/index.html.erb within layouts/application (Duration: 2.5ms | GC: 0.0ms)
  Rendered layout layouts/application.html.erb (Duration: 4.2ms | GC: 0.3ms)
Completed 200 OK in 6ms (Views: 4.7ms | ActiveRecord: 0.2ms (1 query, 0 cached) | GC: 0.3ms)


Started GET "/" for 127.0.0.1 at 2026-06-08 12:47:53 +0300
Processing by ArticlesController#index as HTML
  Rendering layout layouts/application.html.erb
  Rendering articles/index.html.erb within layouts/application
  [1m[36mArticle Load (0.2ms)[0m  [1m[34mSELECT "articles".* FROM "articles" WHERE "articles"."archived" = FALSE /*action='index',application='Store',controller='articles'*/[0m
  ↳ app/views/articles/index.html.erb:8
  Rendered articles/index.html.erb within layouts/application (Duration: 2.2ms | GC: 0.0ms)
  Rendered layout layouts/application.html.erb (Duration: 3.8ms | GC: 0.0ms)
Completed 200 OK in 6ms (Views: 4.3ms | ActiveRecord: 0.2ms (1 query, 0 cached) | GC: 0.0ms)


Started GET "/" for 127.0.0.1 at 2026-06-08 12:47:53 +0300
Processing by ArticlesController#index as HTML
  Rendering layout layouts/application.html.erb
  Rendering articles/index.html.erb within layouts/application
  [1m[36mArticle Load (0.3ms)[0m  [1m[34mSELECT "articles".* FROM "articles" WHERE "articles"."archived" = FALSE /*action='index',application='Store',controller='articles'*/[0m
  ↳ app/views/articles/index.html.erb:8
  Rendered articles/index.html.erb within layouts/application (Duration: 2.3ms | GC: 0.0ms)
  Rendered layout layouts/application.html.erb (Duration: 3.9ms | GC: 0.0ms)
Completed 200 OK in 7ms (Views: 4.4ms | ActiveRecord: 0.3ms (1 query, 0 cached) | GC: 0.0ms)


Started GET "/" for 127.0.0.1 at 2026-06-08 12:47:53 +0300
Processing by ArticlesController#index as HTML
  Rendering layout layouts/application.html.erb
  Rendering articles/index.html.erb within layouts/application
  [1m[36mArticle Load (0.2ms)[0m  [1m[34mSELECT "articles".* FROM "articles" WHERE "articles"."archived" = FALSE /*action='index',application='Store',controller='articles'*/[0m
  ↳ app/views/articles/index.html.erb:8
  Rendered articles/index.html.erb within layouts/application (Duration: 1.1ms | GC: 0.0ms)
  Rendered layout layouts/application.html.erb (Duration: 2.0ms | GC: 0.1ms)
Completed 200 OK in 3ms (Views: 2.2ms | ActiveRecord: 0.2ms (1 query, 0 cached) | GC: 0.1ms)


Started GET "/" for 127.0.0.1 at 2026-06-08 12:47:53 +0300
Processing by ArticlesController#index as HTML
  Rendering layout layouts/application.html.erb
  Rendering articles/index.html.erb within layouts/application
  [1m[36mArticle Load (0.2ms)[0m  [1m[34mSELECT "articles".* FROM "articles" WHERE "articles"."archived" = FALSE /*action='index',application='Store',controller='articles'*/[0m
  ↳ app/views/articles/index.html.erb:8
  Rendered articles/index.html.erb within layouts/application (Duration: 2.3ms | GC: 0.0ms)
  Rendered layout layouts/application.html.erb (Duration: 3.7ms | GC: 0.0ms)
Completed 200 OK in 6ms (Views: 4.1ms | ActiveRecord: 0.2ms (1 query, 0 cached) | GC: 0.0ms)


Started GET "/" for 127.0.0.1 at 2026-06-08 12:47:53 +0300
Processing by ArticlesController#index as HTML
  Rendering layout layouts/application.html.erb
  Rendering articles/index.html.erb within layouts/application
  [1m[36mArticle Load (0.2ms)[0m  [1m[34mSELECT "articles".* FROM "articles" WHERE "articles"."archived" = FALSE /*action='index',application='Store',controller='articles'*/[0m
  ↳ app/views/articles/index.html.erb:8
  Rendered articles/index.html.erb within layouts/application (Duration: 1.6ms | GC: 0.0ms)
  Rendered layout layouts/application.html.erb (Duration: 2.8ms | GC: 0.0ms)
Completed 200 OK in 8ms (Views: 5.9ms | ActiveRecord: 0.2ms (1 query, 0 cached) | GC: 2.5ms)


Started GET "/" for 127.0.0.1 at 2026-06-08 12:47:53 +0300
Processing by ArticlesController#index as HTML
  Rendering layout layouts/application.html.erb
  Rendering articles/index.html.erb within layouts/application
  [1m[36mArticle Load (0.3ms)[0m  [1m[34mSELECT "articles".* FROM "articles" WHERE "articles"."archived" = FALSE /*action='index',application='Store',controller='articles'*/[0m
  ↳ app/views/articles/index.html.erb:8
  Rendered articles/index.html.erb within layouts/application (Duration: 2.3ms | GC: 0.0ms)
  Rendered layout layouts/application.html.erb (Duration: 4.0ms | GC: 0.0ms)
Completed 200 OK in 6ms (Views: 4.5ms | ActiveRecord: 0.3ms (1 query, 0 cached) | GC: 0.0ms)


Started GET "/" for 127.0.0.1 at 2026-06-08 12:47:54 +0300
Processing by ArticlesController#index as HTML
  Rendering layout layouts/application.html.erb
  Rendering articles/index.html.erb within layouts/application
  [1m[36mArticle Load (0.2ms)[0m  [1m[34mSELECT "articles".* FROM "articles" WHERE "articles"."archived" = FALSE /*action='index',application='Store',controller='articles'*/[0m
  ↳ app/views/articles/index.html.erb:8
  Rendered articles/index.html.erb within layouts/application (Duration: 2.4ms | GC: 0.0ms)
  Rendered layout layouts/application.html.erb (Duration: 4.2ms | GC: 0.0ms)
Completed 200 OK in 7ms (Views: 4.8ms | ActiveRecord: 0.2ms (1 query, 0 cached) | GC: 0.0ms)


Started GET "/" for 127.0.0.1 at 2026-06-08 12:47:54 +0300
Processing by ArticlesController#index as HTML
  Rendering layout layouts/application.html.erb
  Rendering articles/index.html.erb within layouts/application
  [1m[36mArticle Load (0.3ms)[0m  [1m[34mSELECT "articles".* FROM "articles" WHERE "articles"."archived" = FALSE /*action='index',application='Store',controller='articles'*/[0m
  ↳ app/views/articles/index.html.erb:8
  Rendered articles/index.html.erb within layouts/application (Duration: 2.5ms | GC: 0.0ms)
  Rendered layout layouts/application.html.erb (Duration: 4.3ms | GC: 0.0ms)
Completed 200 OK in 6ms (Views: 4.8ms | ActiveRecord: 0.3ms (1 query, 0 cached) | GC: 0.0ms)


Started GET "/" for 127.0.0.1 at 2026-06-08 12:47:54 +0300
Processing by ArticlesController#index as HTML
  Rendering layout layouts/application.html.erb
  Rendering articles/index.html.erb within layouts/application
  [1m[36mArticle Load (0.4ms)[0m  [1m[34mSELECT "articles".* FROM "articles" WHERE "articles"."archived" = FALSE /*action='index',application='Store',controller='articles'*/[0m
  ↳ app/views/articles/index.html.erb:8
  Rendered articles/index.html.erb within layouts/application (Duration: 2.4ms | GC: 0.0ms)
  Rendered layout layouts/application.html.erb (Duration: 4.4ms | GC: 0.0ms)
Completed 200 OK in 6ms (Views: 4.7ms | ActiveRecord: 0.4ms (1 query, 0 cached) | GC: 0.0ms)


Started GET "/" for 127.0.0.1 at 2026-06-08 12:47:54 +0300
Processing by ArticlesController#index as HTML
  Rendering layout layouts/application.html.erb
  Rendering articles/index.html.erb within layouts/application
  [1m[36mArticle Load (0.3ms)[0m  [1m[34mSELECT "articles".* FROM "articles" WHERE "articles"."archived" = FALSE /*action='index',application='Store',controller='articles'*/[0m
  ↳ app/views/articles/index.html.erb:8
  Rendered articles/index.html.erb within layouts/application (Duration: 1.8ms | GC: 0.0ms)
  Rendered layout layouts/application.html.erb (Duration: 3.0ms | GC: 0.0ms)
Completed 200 OK in 5ms (Views: 3.4ms | ActiveRecord: 0.3ms (1 query, 0 cached) | GC: 0.0ms)


Started GET "/" for 127.0.0.1 at 2026-06-08 12:48:04 +0300
  [1m[36mActiveRecord::SchemaMigration Load (0.2ms)[0m  [1m[34mSELECT "schema_migrations"."version" FROM "schema_migrations" ORDER BY "schema_migrations"."version" ASC /*application='Store'*/[0m
Processing by ArticlesController#index as HTML
  Rendering layout layouts/application.html.erb
  Rendering articles/index.html.erb within layouts/application
  [1m[36mArticle Load (0.2ms)[0m  [1m[34mSELECT "articles".* FROM "articles" WHERE "articles"."archived" = FALSE /*action='index',application='Store',controller='articles'*/[0m
  ↳ app/views/articles/index.html.erb:8
  Rendered articles/index.html.erb within layouts/application (Duration: 4.4ms | GC: 0.0ms)
  Rendered layout layouts/application.html.erb (Duration: 14.0ms | GC: 0.0ms)
Completed 200 OK in 37ms (Views: 16.0ms | ActiveRecord: 1.5ms (1 query, 0 cached) | GC: 0.0ms)


Started GET "/" for 127.0.0.1 at 2026-06-08 12:48:05 +0300
Processing by ArticlesController#index as HTML
  Rendering layout layouts/application.html.erb
  Rendering articles/index.html.erb within layouts/application
  [1m[36mArticle Load (0.2ms)[0m  [1m[34mSELECT "articles".* FROM "articles" WHERE "articles"."archived" = FALSE /*action='index',application='Store',controller='articles'*/[0m
  ↳ app/views/articles/index.html.erb:8
  Rendered articles/index.html.erb within layouts/application (Duration: 1.8ms | GC: 0.0ms)
  Rendered layout layouts/application.html.erb (Duration: 3.1ms | GC: 0.0ms)
Completed 200 OK in 5ms (Views: 3.4ms | ActiveRecord: 0.2ms (1 query, 0 cached) | GC: 0.0ms)


Started GET "/" for 127.0.0.1 at 2026-06-08 12:48:06 +0300
Processing by ArticlesController#index as HTML
  Rendering layout layouts/application.html.erb
  Rendering articles/index.html.erb within layouts/application
  [1m[36mArticle Load (0.2ms)[0m  [1m[34mSELECT "articles".* FROM "articles" WHERE "articles"."archived" = FALSE /*action='index',application='Store',controller='articles'*/[0m
  ↳ app/views/articles/index.html.erb:8
  Rendered articles/index.html.erb within layouts/application (Duration: 2.5ms | GC: 0.9ms)
  Rendered layout layouts/application.html.erb (Duration: 10.1ms | GC: 7.0ms)
Completed 200 OK in 13ms (Views: 10.8ms | ActiveRecord: 0.2ms (1 query, 0 cached) | GC: 7.0ms)


Started GET "/" for 127.0.0.1 at 2026-06-08 12:48:06 +0300
Processing by ArticlesController#index as HTML
  Rendering layout layouts/application.html.erb
  Rendering articles/index.html.erb within layouts/application
  [1m[36mArticle Load (0.2ms)[0m  [1m[34mSELECT "articles".* FROM "articles" WHERE "articles"."archived" = FALSE /*action='index',application='Store',controller='articles'*/[0m
  ↳ app/views/articles/index.html.erb:8
  Rendered articles/index.html.erb within layouts/application (Duration: 6.9ms | GC: 5.0ms)
  Rendered layout layouts/application.html.erb (Duration: 8.9ms | GC: 5.7ms)
Completed 200 OK in 12ms (Views: 9.3ms | ActiveRecord: 0.2ms (1 query, 0 cached) | GC: 7.1ms)


Started GET "/" for 127.0.0.1 at 2026-06-08 12:48:06 +0300
Processing by ArticlesController#index as HTML
  Rendering layout layouts/application.html.erb
  Rendering articles/index.html.erb within layouts/application
  [1m[36mArticle Load (0.3ms)[0m  [1m[34mSELECT "articles".* FROM "articles" WHERE "articles"."archived" = FALSE /*action='index',application='Store',controller='articles'*/[0m
  ↳ app/views/articles/index.html.erb:8
  Rendered articles/index.html.erb within layouts/application (Duration: 6.4ms | GC: 4.1ms)
  Rendered layout layouts/application.html.erb (Duration: 9.9ms | GC: 5.7ms)
Completed 200 OK in 16ms (Views: 10.7ms | ActiveRecord: 0.2ms (1 query, 0 cached) | GC: 9.3ms)


Started GET "/" for 127.0.0.1 at 2026-06-08 12:48:06 +0300
Processing by ArticlesController#index as HTML
  Rendering layout layouts/application.html.erb
  Rendering articles/index.html.erb within layouts/application
  [1m[36mArticle Load (0.2ms)[0m  [1m[34mSELECT "articles".* FROM "articles" WHERE "articles"."archived" = FALSE /*action='index',application='Store',controller='articles'*/[0m
  ↳ app/views/articles/index.html.erb:8
  Rendered articles/index.html.erb within layouts/application (Duration: 5.5ms | GC: 3.5ms)
  Rendered layout layouts/application.html.erb (Duration: 8.7ms | GC: 5.0ms)
Completed 200 OK in 20ms (Views: 12.5ms | ActiveRecord: 0.2ms (1 query, 0 cached) | GC: 13.1ms)


Started GET "/" for 127.0.0.1 at 2026-06-08 12:48:07 +0300
Processing by ArticlesController#index as HTML
  Rendering layout layouts/application.html.erb
  Rendering articles/index.html.erb within layouts/application
  [1m[36mArticle Load (0.2ms)[0m  [1m[34mSELECT "articles".* FROM "articles" WHERE "articles"."archived" = FALSE /*action='index',application='Store',controller='articles'*/[0m
  ↳ app/views/articles/index.html.erb:8
  Rendered articles/index.html.erb within layouts/application (Duration: 1.4ms | GC: 0.0ms)
  Rendered layout layouts/application.html.erb (Duration: 2.5ms | GC: 0.0ms)
Completed 200 OK in 4ms (Views: 2.9ms | ActiveRecord: 0.2ms (1 query, 0 cached) | GC: 0.0ms)


Started GET "/" for 127.0.0.1 at 2026-06-08 12:48:13 +0300
Processing by ArticlesController#index as HTML
  Rendering layout layouts/application.html.erb
  Rendering articles/index.html.erb within layouts/application
  [1m[36mArticle Load (0.3ms)[0m  [1m[34mSELECT "articles".* FROM "articles" WHERE "articles"."archived" = FALSE /*action='index',application='Store',controller='articles'*/[0m
  ↳ app/views/articles/index.html.erb:8
  Rendered articles/index.html.erb within layouts/application (Duration: 2.1ms | GC: 0.0ms)
  Rendered layout layouts/application.html.erb (Duration: 3.7ms | GC: 0.0ms)
Completed 200 OK in 8ms (Views: 4.3ms | ActiveRecord: 0.3ms (1 query, 0 cached) | GC: 1.4ms)


Started GET "/" for 127.0.0.1 at 2026-06-08 12:48:13 +0300
Processing by ArticlesController#index as HTML
  Rendering layout layouts/application.html.erb
  Rendering articles/index.html.erb within layouts/application
  [1m[36mArticle Load (0.2ms)[0m  [1m[34mSELECT "articles".* FROM "articles" WHERE "articles"."archived" = FALSE /*action='index',application='Store',controller='articles'*/[0m
  ↳ app/views/articles/index.html.erb:8
  Rendered articles/index.html.erb within layouts/application (Duration: 3.3ms | GC: 1.3ms)
  Rendered layout layouts/application.html.erb (Duration: 5.3ms | GC: 1.3ms)
Completed 200 OK in 7ms (Views: 5.8ms | ActiveRecord: 0.2ms (1 query, 0 cached) | GC: 1.3ms)


Started GET "/" for 127.0.0.1 at 2026-06-08 12:48:13 +0300
Processing by ArticlesController#index as HTML
  Rendering layout layouts/application.html.erb
  Rendering articles/index.html.erb within layouts/application
  [1m[36mArticle Load (0.2ms)[0m  [1m[34mSELECT "articles".* FROM "articles" WHERE "articles"."archived" = FALSE /*action='index',application='Store',controller='articles'*/[0m
  ↳ app/views/articles/index.html.erb:8
  Rendered articles/index.html.erb within layouts/application (Duration: 2.2ms | GC: 0.0ms)
  Rendered layout layouts/application.html.erb (Duration: 4.0ms | GC: 0.0ms)
Completed 200 OK in 7ms (Views: 4.8ms | ActiveRecord: 0.2ms (1 query, 0 cached) | GC: 0.0ms)


Started GET "/" for 127.0.0.1 at 2026-06-08 12:48:14 +0300
Processing by ArticlesController#index as HTML
  Rendering layout layouts/application.html.erb
  Rendering articles/index.html.erb within layouts/application
  [1m[36mArticle Load (0.2ms)[0m  [1m[34mSELECT "articles".* FROM "articles" WHERE "articles"."archived" = FALSE /*action='index',application='Store',controller='articles'*/[0m
  ↳ app/views/articles/index.html.erb:8
  Rendered articles/index.html.erb within layouts/application (Duration: 2.4ms | GC: 0.0ms)
  Rendered layout layouts/application.html.erb (Duration: 4.1ms | GC: 0.0ms)
Completed 200 OK in 8ms (Views: 5.4ms | ActiveRecord: 0.2ms (1 query, 0 cached) | GC: 0.0ms)


Started GET "/" for 127.0.0.1 at 2026-06-08 12:48:14 +0300
Processing by ArticlesController#index as HTML
  Rendering layout layouts/application.html.erb
  Rendering articles/index.html.erb within layouts/application
  [1m[36mArticle Load (0.3ms)[0m  [1m[34mSELECT "articles".* FROM "articles" WHERE "articles"."archived" = FALSE /*action='index',application='Store',controller='articles'*/[0m
  ↳ app/views/articles/index.html.erb:8
  Rendered articles/index.html.erb within layouts/application (Duration: 2.3ms | GC: 0.0ms)
  Rendered layout layouts/application.html.erb (Duration: 3.7ms | GC: 0.0ms)
Completed 200 OK in 7ms (Views: 4.6ms | ActiveRecord: 0.3ms (1 query, 0 cached) | GC: 0.5ms)


Started GET "/" for 127.0.0.1 at 2026-06-08 12:48:55 +0300
Processing by ArticlesController#index as HTML
  Rendering layout layouts/application.html.erb
  Rendering articles/index.html.erb within layouts/application
  [1m[36mArticle Load (0.1ms)[0m  [1m[34mSELECT "articles".* FROM "articles" WHERE "articles"."archived" = FALSE /*action='index',application='Store',controller='articles'*/[0m
  ↳ app/views/articles/index.html.erb:8
  Rendered articles/index.html.erb within layouts/application (Duration: 1.4ms | GC: 0.0ms)
  Rendered layout layouts/application.html.erb (Duration: 3.3ms | GC: 0.0ms)
Completed 200 OK in 10ms (Views: 4.0ms | ActiveRecord: 3.1ms (1 query, 0 cached) | GC: 2.1ms)


Started GET "/articles" for 127.0.0.1 at 2026-06-08 12:48:56 +0300
Processing by ArticlesController#index as HTML
  Rendering layout layouts/application.html.erb
  Rendering articles/index.html.erb within layouts/application
  [1m[36mArticle Load (0.3ms)[0m  [1m[34mSELECT "articles".* FROM "articles" WHERE "articles"."archived" = FALSE /*action='index',application='Store',controller='articles'*/[0m
  ↳ app/views/articles/index.html.erb:8
  Rendered articles/index.html.erb within layouts/application (Duration: 2.6ms | GC: 0.0ms)
  Rendered layout layouts/application.html.erb (Duration: 4.1ms | GC: 0.0ms)
Completed 200 OK in 6ms (Views: 4.5ms | ActiveRecord: 0.3ms (1 query, 0 cached) | GC: 0.0ms)


Started GET "/articles" for 127.0.0.1 at 2026-06-08 12:48:57 +0300
Processing by ArticlesController#index as HTML
  Rendering layout layouts/application.html.erb
  Rendering articles/index.html.erb within layouts/application
  [1m[36mArticle Load (0.2ms)[0m  [1m[34mSELECT "articles".* FROM "articles" WHERE "articles"."archived" = FALSE /*action='index',application='Store',controller='articles'*/[0m
  ↳ app/views/articles/index.html.erb:8
  Rendered articles/index.html.erb within layouts/application (Duration: 1.2ms | GC: 0.0ms)
  Rendered layout layouts/application.html.erb (Duration: 2.2ms | GC: 0.0ms)
Completed 200 OK in 4ms (Views: 2.6ms | ActiveRecord: 0.2ms (1 query, 0 cached) | GC: 0.0ms)


Started GET "/articles" for 127.0.0.1 at 2026-06-08 12:48:57 +0300
Processing by ArticlesController#index as HTML
  Rendering layout layouts/application.html.erb
  Rendering articles/index.html.erb within layouts/application
  [1m[36mArticle Load (0.2ms)[0m  [1m[34mSELECT "articles".* FROM "articles" WHERE "articles"."archived" = FALSE /*action='index',application='Store',controller='articles'*/[0m
  ↳ app/views/articles/index.html.erb:8
  Rendered articles/index.html.erb within layouts/application (Duration: 1.3ms | GC: 0.0ms)
  Rendered layout layouts/application.html.erb (Duration: 2.5ms | GC: 0.0ms)
Completed 200 OK in 4ms (Views: 3.2ms | ActiveRecord: 0.1ms (1 query, 0 cached) | GC: 0.0ms)


Started GET "/" for 127.0.0.1 at 2026-06-08 12:48:57 +0300
Processing by ArticlesController#index as HTML
  Rendering layout layouts/application.html.erb
  Rendering articles/index.html.erb within layouts/application
  [1m[36mArticle Load (0.3ms)[0m  [1m[34mSELECT "articles".* FROM "articles" WHERE "articles"."archived" = FALSE /*action='index',application='Store',controller='articles'*/[0m
  ↳ app/views/articles/index.html.erb:8
  Rendered articles/index.html.erb within layouts/application (Duration: 2.6ms | GC: 0.0ms)
  Rendered layout layouts/application.html.erb (Duration: 4.8ms | GC: 0.0ms)
Completed 200 OK in 7ms (Views: 5.3ms | ActiveRecord: 0.3ms (1 query, 0 cached) | GC: 0.0ms)


Started GET "/" for 127.0.0.1 at 2026-06-08 12:49:19 +0300
Processing by ArticlesController#index as HTML
  Rendering layout layouts/application.html.erb
  Rendering articles/index.html.erb within layouts/application
  [1m[36mArticle Load (0.1ms)[0m  [1m[34mSELECT "articles".* FROM "articles" WHERE "articles"."archived" = FALSE /*action='index',application='Store',controller='articles'*/[0m
  ↳ app/views/articles/index.html.erb:8
  Rendered articles/index.html.erb within layouts/application (Duration: 1.8ms | GC: 0.0ms)
  Rendered layout layouts/application.html.erb (Duration: 5.9ms | GC: 0.2ms)
Completed 200 OK in 12ms (Views: 6.8ms | ActiveRecord: 0.8ms (1 query, 0 cached) | GC: 0.4ms)


Started GET "/new_html" for 127.0.0.1 at 2026-06-08 12:49:42 +0300
  
ActionController::RoutingError (No route matches [GET] "/new_html"):
  
Started GET "/new_html" for 127.0.0.1 at 2026-06-08 12:49:47 +0300
  
ActionController::RoutingError (No route matches [GET] "/new_html"):
  
Started GET "/new" for 127.0.0.1 at 2026-06-08 12:49:53 +0300
  
ActionController::RoutingError (No route matches [GET] "/new"):
  
Started GET "/new" for 127.0.0.1 at 2026-06-08 12:49:58 +0300
  
ActionController::RoutingError (No route matches [GET] "/new"):
  
Started GET "/sign_up" for 127.0.0.1 at 2026-06-08 12:50:20 +0300
Processing by RegistrationsController#new as HTML
Completed 406 Not Acceptable in 8ms (ActiveRecord: 0.4ms (0 queries, 0 cached) | GC: 0.1ms)


  
ActionController::MissingExactTemplate (RegistrationsController#new is missing a template for request formats: text/html):
  
actionpack (8.1.3) lib/action_controller/metal/implicit_render.rb:49:in 'ActionController::ImplicitRender#default_render'
actionpack (8.1.3) lib/action_controller/metal/basic_implicit_render.rb:9:in 'ActionController::BasicImplicitRender#send_action'
actionpack (8.1.3) lib/abstract_controller/base.rb:221:in 'AbstractController::Base#process_action'
actionpack (8.1.3) lib/action_controller/metal/rendering.rb:199:in 'ActionController::Rendering#process_action'
actionpack (8.1.3) lib/abstract_controller/callbacks.rb:267:in 'block in AbstractController::Callbacks#process_action'
activesupport (8.1.3) lib/active_support/callbacks.rb:121:in 'block in ActiveSupport::Callbacks#run_callbacks'
turbo-rails (2.0.23) lib/turbo-rails.rb:24:in 'Turbo.with_request_id'
turbo-rails (2.0.23) app/controllers/concerns/turbo/request_id_tracking.rb:10:in 'Turbo::RequestIdTracking#turbo_tracking_request_id'
activesupport (8.1.3) lib/active_support/callbacks.rb:130:in 'block in ActiveSupport::Callbacks#run_callbacks'
actiontext (8.1.3) lib/action_text/rendering.rb:24:in 'ActionText::Rendering::ClassMethods#with_renderer'
actiontext (8.1.3) lib/action_text/engine.rb:72:in 'block (4 levels) in <class:Engine>'
activesupport (8.1.3) lib/active_support/callbacks.rb:130:in 'BasicObject#instance_exec'
activesupport (8.1.3) lib/active_support/callbacks.rb:130:in 'block in ActiveSupport::Callbacks#run_callbacks'
activesupport (8.1.3) lib/active_support/callbacks.rb:141:in 'ActiveSupport::Callbacks#run_callbacks'
actionpack (8.1.3) lib/abstract_controller/callbacks.rb:266:in 'AbstractController::Callbacks#process_action'
actionpack (8.1.3) lib/action_controller/metal/rescue.rb:36:in 'ActionController::Rescue#process_action'
actionpack (8.1.3) lib/action_controller/metal/instrumentation.rb:76:in 'block in ActionController::Instrumentation#process_action'
activesupport (8.1.3) lib/active_support/notifications.rb:210:in 'block in ActiveSupport::Notifications.instrument'
activesupport (8.1.3) lib/active_support/notifications/instrumenter.rb:58:in 'ActiveSupport::Notifications::Instrumenter#instrument'
activesupport (8.1.3) lib/active_support/notifications.rb:210:in 'ActiveSupport::Notifications.instrument'
actionpack (8.1.3) lib/action_controller/metal/instrumentation.rb:75:in 'ActionController::Instrumentation#process_action'
actionpack (8.1.3) lib/action_controller/metal/params_wrapper.rb:259:in 'ActionController::ParamsWrapper#process_action'
activerecord (8.1.3) lib/active_record/railties/controller_runtime.rb:39:in 'ActiveRecord::Railties::ControllerRuntime#process_action'
actionpack (8.1.3) lib/abstract_controller/base.rb:154:in 'AbstractController::Base#process'
actionview (8.1.3) lib/action_view/rendering.rb:40:in 'ActionView::Rendering#process'
actionpack (8.1.3) lib/action_controller/metal.rb:252:in 'ActionController::Metal#dispatch'
actionpack (8.1.3) lib/action_controller/metal.rb:335:in 'ActionController::Metal.dispatch'
actionpack (8.1.3) lib/action_dispatch/routing/route_set.rb:65:in 'ActionDispatch::Routing::RouteSet::Dispatcher#dispatch'
actionpack (8.1.3) lib/action_dispatch/routing/route_set.rb:50:in 'ActionDispatch::Routing::RouteSet::Dispatcher#serve'
actionpack (8.1.3) lib/action_dispatch/journey/router.rb:35:in 'block in ActionDispatch::Journey::Router#serve'
actionpack (8.1.3) lib/action_dispatch/journey/router.rb:86:in 'block in ActionDispatch::Journey::Router#recognize'
actionpack (8.1.3) lib/action_dispatch/journey/router.rb:66:in 'Array#each'
actionpack (8.1.3) lib/action_dispatch/journey/router.rb:66:in 'ActionDispatch::Journey::Router#recognize'
actionpack (8.1.3) lib/action_dispatch/journey/router.rb:31:in 'ActionDispatch::Journey::Router#serve'
actionpack (8.1.3) lib/action_dispatch/routing/route_set.rb:906:in 'ActionDispatch::Routing::RouteSet#call'
railties (8.1.3) lib/rails/engine/lazy_route_set.rb:60:in 'Rails::Engine::LazyRouteSet#call'
rack (3.2.6) lib/rack/tempfile_reaper.rb:20:in 'Rack::TempfileReaper#call'
rack (3.2.6) lib/rack/etag.rb:29:in 'Rack::ETag#call'
rack (3.2.6) lib/rack/conditional_get.rb:31:in 'Rack::ConditionalGet#call'
rack (3.2.6) lib/rack/head.rb:15:in 'Rack::Head#call'
actionpack (8.1.3) lib/action_dispatch/http/content_security_policy.rb:38:in 'ActionDispatch::ContentSecurityPolicy::Middleware#call'
rack-session (2.1.2) lib/rack/session/abstract/id.rb:274:in 'Rack::Session::Abstract::Persisted#context'
rack-session (2.1.2) lib/rack/session/abstract/id.rb:268:in 'Rack::Session::Abstract::Persisted#call'
actionpack (8.1.3) lib/action_dispatch/middleware/cookies.rb:708:in 'ActionDispatch::Cookies#call'
activerecord (8.1.3) lib/active_record/migration.rb:671:in 'ActiveRecord::Migration::CheckPending#call'
actionpack (8.1.3) lib/action_dispatch/middleware/callbacks.rb:31:in 'block in ActionDispatch::Callbacks#call'
activesupport (8.1.3) lib/active_support/callbacks.rb:101:in 'ActiveSupport::Callbacks#run_callbacks'
actionpack (8.1.3) lib/action_dispatch/middleware/callbacks.rb:30:in 'ActionDispatch::Callbacks#call'
actionpack (8.1.3) lib/action_dispatch/middleware/executor.rb:20:in 'ActionDispatch::Executor#call'
actionpack (8.1.3) lib/action_dispatch/middleware/actionable_exceptions.rb:18:in 'ActionDispatch::ActionableExceptions#call'
actionpack (8.1.3) lib/action_dispatch/middleware/debug_exceptions.rb:31:in 'ActionDispatch::DebugExceptions#call'
web-console (4.3.0) lib/web_console/middleware.rb:132:in 'WebConsole::Middleware#call_app'
web-console (4.3.0) lib/web_console/middleware.rb:28:in 'block in WebConsole::Middleware#call'
web-console (4.3.0) lib/web_console/middleware.rb:17:in 'Kernel#catch'
web-console (4.3.0) lib/web_console/middleware.rb:17:in 'WebConsole::Middleware#call'
actionpack (8.1.3) lib/action_dispatch/middleware/show_exceptions.rb:32:in 'ActionDispatch::ShowExceptions#call'
railties (8.1.3) lib/rails/rack/logger.rb:41:in 'Rails::Rack::Logger#call_app'
railties (8.1.3) lib/rails/rack/logger.rb:29:in 'Rails::Rack::Logger#call'
propshaft (1.3.2) lib/propshaft/quiet_assets.rb:11:in 'Propshaft::QuietAssets#call'
actionpack (8.1.3) lib/action_dispatch/middleware/remote_ip.rb:98:in 'ActionDispatch::RemoteIp#call'
actionpack (8.1.3) lib/action_dispatch/middleware/request_id.rb:34:in 'ActionDispatch::RequestId#call'
rack (3.2.6) lib/rack/method_override.rb:28:in 'Rack::MethodOverride#call'
rack (3.2.6) lib/rack/runtime.rb:24:in 'Rack::Runtime#call'
activesupport (8.1.3) lib/active_support/cache/strategy/local_cache_middleware.rb:30:in 'ActiveSupport::Cache::Strategy::LocalCache::Middleware#call'
actionpack (8.1.3) lib/action_dispatch/middleware/server_timing.rb:61:in 'block in ActionDispatch::ServerTiming#call'
actionpack (8.1.3) lib/action_dispatch/middleware/server_timing.rb:26:in 'ActionDispatch::ServerTiming::Subscriber#collect_events'
actionpack (8.1.3) lib/action_dispatch/middleware/server_timing.rb:60:in 'ActionDispatch::ServerTiming#call'
actionpack (8.1.3) lib/action_dispatch/middleware/executor.rb:20:in 'ActionDispatch::Executor#call'
propshaft (1.3.2) lib/propshaft/server.rb:37:in 'Propshaft::Server#call'
actionpack (8.1.3) lib/action_dispatch/middleware/static.rb:27:in 'ActionDispatch::Static#call'
rack (3.2.6) lib/rack/sendfile.rb:131:in 'Rack::Sendfile#call'
actionpack (8.1.3) lib/action_dispatch/middleware/host_authorization.rb:143:in 'ActionDispatch::HostAuthorization#call'
railties (8.1.3) lib/rails/engine.rb:534:in 'Rails::Engine#call'
puma (8.0.2) lib/puma/configuration.rb:305:in 'Puma::Configuration::ConfigMiddleware#call'
puma (8.0.2) lib/puma/response.rb:79:in 'block in Puma::Response#handle_request'
puma (8.0.2) lib/puma/thread_pool.rb:434:in 'Puma::ThreadPool#with_force_shutdown'
puma (8.0.2) lib/puma/response.rb:78:in 'Puma::Response#handle_request'
puma (8.0.2) lib/puma/server.rb:508:in 'Puma::Server#process_client'
puma (8.0.2) lib/puma/server.rb:263:in 'block in Puma::Server#run'
puma (8.0.2) lib/puma/thread_pool.rb:246:in 'block in Puma::ThreadPool#spawn_thread'
Started GET "/" for 127.0.0.1 at 2026-06-08 12:52:13 +0300
  [1m[36mActiveRecord::SchemaMigration Load (0.1ms)[0m  [1m[34mSELECT "schema_migrations"."version" FROM "schema_migrations" ORDER BY "schema_migrations"."version" ASC /*application='Store'*/[0m
Processing by ArticlesController#index as HTML
  Rendering layout layouts/application.html.erb
  Rendering articles/index.html.erb within layouts/application
  [1m[36mArticle Load (0.2ms)[0m  [1m[34mSELECT "articles".* FROM "articles" WHERE "articles"."archived" = FALSE /*action='index',application='Store',controller='articles'*/[0m
  ↳ app/views/articles/index.html.erb:8
  Rendered articles/index.html.erb within layouts/application (Duration: 4.2ms | GC: 0.0ms)
  Rendered layout layouts/application.html.erb (Duration: 16.6ms | GC: 0.0ms)
Completed 200 OK in 37ms (Views: 18.2ms | ActiveRecord: 1.9ms (1 query, 0 cached) | GC: 0.0ms)


Started GET "/sign-up" for 127.0.0.1 at 2026-06-08 12:52:20 +0300
  
ActionController::RoutingError (No route matches [GET] "/sign-up"):
  
Started GET "/sign_up" for 127.0.0.1 at 2026-06-08 12:52:33 +0300
Processing by RegistrationsController#new as HTML
  Rendering layout layouts/application.html.erb
  Rendering registrations/new.html.erb within layouts/application
  Rendered registrations/new.html.erb within layouts/application (Duration: 2.7ms | GC: 0.0ms)
  Rendered layout layouts/application.html.erb (Duration: 3.7ms | GC: 0.0ms)
Completed 200 OK in 12ms (Views: 4.5ms | ActiveRecord: 0.5ms (0 queries, 0 cached) | GC: 0.0ms)


Started POST "/sign_up" for 127.0.0.1 at 2026-06-08 12:52:55 +0300
Processing by RegistrationsController#create as TURBO_STREAM
  Parameters: {"authenticity_token" => "[FILTERED]", "user" => {"email_address" => "[FILTERED]", "password" => "[FILTERED]", "password_confirmation" => "[FILTERED]"}, "commit" => "Create Account"}
  [1m[36mTRANSACTION (0.1ms)[0m  [1m[35mBEGIN immediate TRANSACTION /*action='create',application='Store',controller='registrations'*/[0m
  ↳ app/controllers/registrations_controller.rb:11:in 'RegistrationsController#create'
  [1m[36mUser Create (0.9ms)[0m  [1m[32mINSERT INTO "users" ("email_address", "password_digest", "created_at", "updated_at") VALUES ('test@test.test', '$2a$12$JvdJelkYnETdlh7Zn45v/.SgN9HEekPMShEsF25v7cu2zaNEFCd0a', '2026-06-08 09:52:55.941089', '2026-06-08 09:52:55.941089') RETURNING "id" /*action='create',application='Store',controller='registrations'*/[0m
  ↳ app/controllers/registrations_controller.rb:11:in 'RegistrationsController#create'
  [1m[36mTRANSACTION (10.8ms)[0m  [1m[35mCOMMIT TRANSACTION /*action='create',application='Store',controller='registrations'*/[0m
  ↳ app/controllers/registrations_controller.rb:11:in 'RegistrationsController#create'
Redirected to http://127.0.0.1:3000/session/new
↳ app/controllers/registrations_controller.rb:12:in 'RegistrationsController#create'
Completed 302 Found in 207ms (ActiveRecord: 11.8ms (1 query, 0 cached) | GC: 0.0ms)


Started GET "/session/new" for 127.0.0.1 at 2026-06-08 12:52:55 +0300
Processing by SessionsController#new as TURBO_STREAM
  Rendering layout layouts/application.html.erb
  Rendering sessions/new.html.erb within layouts/application
  Rendered sessions/new.html.erb within layouts/application (Duration: 1.5ms | GC: 0.0ms)
  Rendered layout layouts/application.html.erb (Duration: 3.1ms | GC: 0.9ms)
Completed 200 OK in 5ms (Views: 4.0ms | ActiveRecord: 0.0ms (0 queries, 0 cached) | GC: 0.9ms)


Started POST "/session" for 127.0.0.1 at 2026-06-08 12:53:03 +0300
Processing by SessionsController#create as TURBO_STREAM
  Parameters: {"authenticity_token" => "[FILTERED]", "email_address" => "[FILTERED]", "password" => "[FILTERED]", "commit" => "Sign in"}
[31mUnpermitted parameters: :authenticity_token, :commit. Context: { controller: SessionsController, action: create, request: #<ActionDispatch::Request:0x00007011fc654748>, params: {"authenticity_token" => "[FILTERED]", "email_address" => "[FILTERED]", "password" => "[FILTERED]", "commit" => "Sign in", "controller" => "sessions", "action" => "create"} }[0m
  [1m[36mUser Load (0.2ms)[0m  [1m[34mSELECT "users".* FROM "users" WHERE "users"."email_address" = 'test@test.test' LIMIT 1 /*action='create',application='Store',controller='sessions'*/[0m
  ↳ app/controllers/sessions_controller.rb:9:in 'SessionsController#create'
Completed 500 Internal Server Error in 202ms (ActiveRecord: 0.2ms (1 query, 0 cached) | GC: 0.7ms)


  
NoMethodError (undefined method 'sessions' for an instance of User):
  
app/controllers/concerns/authentication.rb:42:in 'Authentication#start_new_session_for'
app/controllers/sessions_controller.rb:10:in 'SessionsController#create'
Started GET "/" for 127.0.0.1 at 2026-06-08 12:54:29 +0300
  [1m[36mActiveRecord::SchemaMigration Load (0.6ms)[0m  [1m[34mSELECT "schema_migrations"."version" FROM "schema_migrations" ORDER BY "schema_migrations"."version" ASC /*application='Store'*/[0m
Processing by ArticlesController#index as HTML
  Rendering layout layouts/application.html.erb
  Rendering articles/index.html.erb within layouts/application
  [1m[36mArticle Load (0.1ms)[0m  [1m[34mSELECT "articles".* FROM "articles" WHERE "articles"."archived" = FALSE /*action='index',application='Store',controller='articles'*/[0m
  ↳ app/views/articles/index.html.erb:8
  Rendered articles/index.html.erb within layouts/application (Duration: 3.8ms | GC: 0.0ms)
  Rendered layout layouts/application.html.erb (Duration: 13.5ms | GC: 0.0ms)
Completed 200 OK in 38ms (Views: 17.0ms | ActiveRecord: 1.5ms (1 query, 0 cached) | GC: 0.0ms)


Started GET "/sign_up" for 127.0.0.1 at 2026-06-08 12:54:33 +0300
Processing by RegistrationsController#new as HTML
  Rendering layout layouts/application.html.erb
  Rendering registrations/new.html.erb within layouts/application
  Rendered registrations/new.html.erb within layouts/application (Duration: 8.8ms | GC: 4.2ms)
  Rendered layout layouts/application.html.erb (Duration: 11.4ms | GC: 6.0ms)
Completed 200 OK in 44ms (Views: 13.5ms | ActiveRecord: 1.3ms (0 queries, 0 cached) | GC: 27.3ms)


Started GET "/" for 127.0.0.1 at 2026-06-08 12:54:39 +0300
Processing by ArticlesController#index as HTML
  Rendering layout layouts/application.html.erb
  Rendering articles/index.html.erb within layouts/application
  [1m[36mArticle Load (0.2ms)[0m  [1m[34mSELECT "articles".* FROM "articles" WHERE "articles"."archived" = FALSE /*action='index',application='Store',controller='articles'*/[0m
  ↳ app/views/articles/index.html.erb:8
  Rendered articles/index.html.erb within layouts/application (Duration: 2.1ms | GC: 0.0ms)
  Rendered layout layouts/application.html.erb (Duration: 3.6ms | GC: 0.0ms)
Completed 200 OK in 6ms (Views: 4.1ms | ActiveRecord: 0.2ms (1 query, 0 cached) | GC: 0.0ms)


Started GET "/sign_in" for 127.0.0.1 at 2026-06-08 12:54:45 +0300
  
ActionController::RoutingError (No route matches [GET] "/sign_in"):
  
Started GET "/" for 127.0.0.1 at 2026-06-08 12:54:47 +0300
Processing by ArticlesController#index as HTML
  Rendering layout layouts/application.html.erb
  Rendering articles/index.html.erb within layouts/application
  [1m[36mArticle Load (0.1ms)[0m  [1m[34mSELECT "articles".* FROM "articles" WHERE "articles"."archived" = FALSE /*action='index',application='Store',controller='articles'*/[0m
  ↳ app/views/articles/index.html.erb:8
  Rendered articles/index.html.erb within layouts/application (Duration: 1.1ms | GC: 0.0ms)
  Rendered layout layouts/application.html.erb (Duration: 2.1ms | GC: 0.0ms)
Completed 200 OK in 3ms (Views: 2.4ms | ActiveRecord: 0.1ms (1 query, 0 cached) | GC: 0.0ms)


Started GET "/" for 127.0.0.1 at 2026-06-08 12:54:48 +0300
Processing by ArticlesController#index as HTML
  Rendering layout layouts/application.html.erb
  Rendering articles/index.html.erb within layouts/application
  [1m[36mArticle Load (0.3ms)[0m  [1m[34mSELECT "articles".* FROM "articles" WHERE "articles"."archived" = FALSE /*action='index',application='Store',controller='articles'*/[0m
  ↳ app/views/articles/index.html.erb:8
  Rendered articles/index.html.erb within layouts/application (Duration: 2.8ms | GC: 0.0ms)
  Rendered layout layouts/application.html.erb (Duration: 4.7ms | GC: 0.0ms)
Completed 200 OK in 8ms (Views: 5.4ms | ActiveRecord: 0.3ms (1 query, 0 cached) | GC: 0.0ms)


Started GET "/sign_up" for 127.0.0.1 at 2026-06-08 12:54:55 +0300
Processing by RegistrationsController#new as HTML
  Rendering layout layouts/application.html.erb
  Rendering registrations/new.html.erb within layouts/application
  Rendered registrations/new.html.erb within layouts/application (Duration: 2.4ms | GC: 0.0ms)
  Rendered layout layouts/application.html.erb (Duration: 3.5ms | GC: 0.0ms)
Completed 200 OK in 8ms (Views: 4.1ms | ActiveRecord: 0.0ms (0 queries, 0 cached) | GC: 2.1ms)


Started POST "/sign_up" for 127.0.0.1 at 2026-06-08 12:55:03 +0300
Processing by RegistrationsController#create as TURBO_STREAM
  Parameters: {"authenticity_token" => "[FILTERED]", "user" => {"email_address" => "[FILTERED]", "password" => "[FILTERED]", "password_confirmation" => "[FILTERED]"}, "commit" => "Create Account"}
  [1m[36mTRANSACTION (0.1ms)[0m  [1m[35mBEGIN immediate TRANSACTION /*action='create',application='Store',controller='registrations'*/[0m
  ↳ app/controllers/registrations_controller.rb:11:in 'RegistrationsController#create'
  [1m[36mUser Create (0.9ms)[0m  [1m[32mINSERT INTO "users" ("email_address", "password_digest", "created_at", "updated_at") VALUES ('ahmed@test.test', '$2a$12$KEC2lbzGsIFsL2gH4zWYT.0veyihq5cc0oQ6AvzLKj7bcQG4imrHq', '2026-06-08 09:55:03.823804', '2026-06-08 09:55:03.823804') RETURNING "id" /*action='create',application='Store',controller='registrations'*/[0m
  ↳ app/controllers/registrations_controller.rb:11:in 'RegistrationsController#create'
  [1m[36mTRANSACTION (11.9ms)[0m  [1m[35mCOMMIT TRANSACTION /*action='create',application='Store',controller='registrations'*/[0m
  ↳ app/controllers/registrations_controller.rb:11:in 'RegistrationsController#create'
Redirected to http://127.0.0.1:3000/session/new
↳ app/controllers/registrations_controller.rb:12:in 'RegistrationsController#create'
Completed 302 Found in 214ms (ActiveRecord: 12.8ms (1 query, 0 cached) | GC: 0.2ms)


Started GET "/session/new" for 127.0.0.1 at 2026-06-08 12:55:03 +0300
Processing by SessionsController#new as TURBO_STREAM
  Rendering layout layouts/application.html.erb
  Rendering sessions/new.html.erb within layouts/application
  Rendered sessions/new.html.erb within layouts/application (Duration: 2.0ms | GC: 0.0ms)
  Rendered layout layouts/application.html.erb (Duration: 2.6ms | GC: 0.0ms)
Completed 200 OK in 4ms (Views: 3.3ms | ActiveRecord: 0.0ms (0 queries, 0 cached) | GC: 0.0ms)


Started POST "/session" for 127.0.0.1 at 2026-06-08 12:55:16 +0300
Processing by SessionsController#create as TURBO_STREAM
  Parameters: {"authenticity_token" => "[FILTERED]", "email_address" => "[FILTERED]", "password" => "[FILTERED]", "commit" => "Sign in"}
[31mUnpermitted parameters: :authenticity_token, :commit. Context: { controller: SessionsController, action: create, request: #<ActionDispatch::Request:0x00007704154e1548>, params: {"authenticity_token" => "[FILTERED]", "email_address" => "[FILTERED]", "password" => "[FILTERED]", "commit" => "Sign in", "controller" => "sessions", "action" => "create"} }[0m
  [1m[36mUser Load (0.3ms)[0m  [1m[34mSELECT "users".* FROM "users" WHERE "users"."email_address" = 'ahmed@test.test' LIMIT 1 /*action='create',application='Store',controller='sessions'*/[0m
  ↳ app/controllers/sessions_controller.rb:9:in 'SessionsController#create'
  [1m[36mTRANSACTION (0.0ms)[0m  [1m[35mBEGIN immediate TRANSACTION /*action='create',application='Store',controller='sessions'*/[0m
  ↳ app/controllers/concerns/authentication.rb:42:in 'Authentication#start_new_session_for'
  [1m[36mSession Create (0.9ms)[0m  [1m[32mINSERT INTO "sessions" ("user_id", "ip_address", "user_agent", "created_at", "updated_at") VALUES (3, '127.0.0.1', 'Mozilla/5.0 (X11; Linux x86_64) AppleWebKit/537.36 (KHTML, like Gecko) Code/1.122.1 Chrome/142.0.7444.265 Electron/39.8.8 Safari/537.36', '2026-06-08 09:55:16.257390', '2026-06-08 09:55:16.257390') RETURNING "id" /*action='create',application='Store',controller='sessions'*/[0m
  ↳ app/controllers/concerns/authentication.rb:42:in 'Authentication#start_new_session_for'
  [1m[36mTRANSACTION (0.1ms)[0m  [1m[35mCOMMIT TRANSACTION /*action='create',application='Store',controller='sessions'*/[0m
  ↳ app/controllers/concerns/authentication.rb:42:in 'Authentication#start_new_session_for'
Redirected to http://127.0.0.1:3000/
↳ app/controllers/sessions_controller.rb:11:in 'SessionsController#create'
Completed 302 Found in 217ms (ActiveRecord: 1.5ms (2 queries, 0 cached) | GC: 0.2ms)


Started GET "/" for 127.0.0.1 at 2026-06-08 12:55:16 +0300
Processing by ArticlesController#index as TURBO_STREAM
  Rendering layout layouts/application.html.erb
  Rendering articles/index.html.erb within layouts/application
  [1m[36mSession Load (0.1ms)[0m  [1m[34mSELECT "sessions".* FROM "sessions" WHERE "sessions"."id" = 2 LIMIT 1 /*action='index',application='Store',controller='articles'*/[0m
  ↳ app/controllers/concerns/authentication.rb:29:in 'Authentication#find_session_by_cookie'
  [1m[36mArticle Load (0.1ms)[0m  [1m[34mSELECT "articles".* FROM "articles" WHERE "articles"."archived" = FALSE /*action='index',application='Store',controller='articles'*/[0m
  ↳ app/views/articles/index.html.erb:8
  Rendered articles/index.html.erb within layouts/application (Duration: 2.6ms | GC: 0.1ms)
  Rendered layout layouts/application.html.erb (Duration: 3.5ms | GC: 0.1ms)
Completed 200 OK in 5ms (Views: 3.8ms | ActiveRecord: 0.2ms (2 queries, 0 cached) | GC: 0.1ms)


Started GET "/articles/new" for 127.0.0.1 at 2026-06-08 12:55:21 +0300
Processing by ArticlesController#new as HTML
  [1m[36mSession Load (0.2ms)[0m  [1m[34mSELECT "sessions".* FROM "sessions" WHERE "sessions"."id" = 2 LIMIT 1 /*action='new',application='Store',controller='articles'*/[0m
  ↳ app/controllers/concerns/authentication.rb:29:in 'Authentication#find_session_by_cookie'
  [1m[36mUser Load (0.2ms)[0m  [1m[34mSELECT "users".* FROM "users" WHERE "users"."id" = 3 LIMIT 1 /*action='new',application='Store',controller='articles'*/[0m
  ↳ app/models/current.rb:3:in 'Current#user'
  Rendering layout layouts/application.html.erb
  Rendering articles/new.html.erb within layouts/application
  Rendered articles/_form.html.erb (Duration: 14.7ms | GC: 0.0ms)
  Rendered articles/new.html.erb within layouts/application (Duration: 15.3ms | GC: 0.0ms)
  Rendered layout layouts/application.html.erb (Duration: 16.1ms | GC: 0.0ms)
Completed 200 OK in 33ms (Views: 16.6ms | ActiveRecord: 0.7ms (2 queries, 0 cached) | GC: 2.0ms)


Started GET "/articles" for 127.0.0.1 at 2026-06-08 12:55:24 +0300
Processing by ArticlesController#index as HTML
  Rendering layout layouts/application.html.erb
  Rendering articles/index.html.erb within layouts/application
  [1m[36mSession Load (0.2ms)[0m  [1m[34mSELECT "sessions".* FROM "sessions" WHERE "sessions"."id" = 2 LIMIT 1 /*action='index',application='Store',controller='articles'*/[0m
  ↳ app/controllers/concerns/authentication.rb:29:in 'Authentication#find_session_by_cookie'
  [1m[36mArticle Load (0.2ms)[0m  [1m[34mSELECT "articles".* FROM "articles" WHERE "articles"."archived" = FALSE /*action='index',application='Store',controller='articles'*/[0m
  ↳ app/views/articles/index.html.erb:8
  Rendered articles/index.html.erb within layouts/application (Duration: 5.0ms | GC: 0.0ms)
  Rendered layout layouts/application.html.erb (Duration: 7.4ms | GC: 0.0ms)
Completed 200 OK in 10ms (Views: 7.7ms | ActiveRecord: 0.4ms (2 queries, 0 cached) | GC: 0.0ms)


Started GET "/articles" for 127.0.0.1 at 2026-06-08 12:55:25 +0300
Processing by ArticlesController#index as HTML
  Rendering layout layouts/application.html.erb
  Rendering articles/index.html.erb within layouts/application
  [1m[36mSession Load (0.3ms)[0m  [1m[34mSELECT "sessions".* FROM "sessions" WHERE "sessions"."id" = 2 LIMIT 1 /*action='index',application='Store',controller='articles'*/[0m
  ↳ app/controllers/concerns/authentication.rb:29:in 'Authentication#find_session_by_cookie'
  [1m[36mArticle Load (0.2ms)[0m  [1m[34mSELECT "articles".* FROM "articles" WHERE "articles"."archived" = FALSE /*action='index',application='Store',controller='articles'*/[0m
  ↳ app/views/articles/index.html.erb:8
  Rendered articles/index.html.erb within layouts/application (Duration: 4.8ms | GC: 0.0ms)
  Rendered layout layouts/application.html.erb (Duration: 6.8ms | GC: 0.0ms)
Completed 200 OK in 9ms (Views: 7.0ms | ActiveRecord: 0.5ms (2 queries, 0 cached) | GC: 0.0ms)


Started POST "/articles" for 127.0.0.1 at 2026-06-08 12:55:28 +0300
Processing by ArticlesController#create as TURBO_STREAM
  Parameters: {"authenticity_token" => "[FILTERED]", "article" => {"title" => "test", "body" => "test"}, "commit" => "Create Article"}
  [1m[36mSession Load (0.3ms)[0m  [1m[34mSELECT "sessions".* FROM "sessions" WHERE "sessions"."id" = 2 LIMIT 1 /*action='create',application='Store',controller='articles'*/[0m
  ↳ app/controllers/concerns/authentication.rb:29:in 'Authentication#find_session_by_cookie'
  [1m[36mUser Load (0.2ms)[0m  [1m[34mSELECT "users".* FROM "users" WHERE "users"."id" = 3 LIMIT 1 /*action='create',application='Store',controller='articles'*/[0m
  ↳ app/models/current.rb:3:in 'Current#user'
  [1m[36mTRANSACTION (0.1ms)[0m  [1m[35mBEGIN immediate TRANSACTION /*action='create',application='Store',controller='articles'*/[0m
  ↳ app/controllers/articles_controller.rb:26:in 'ArticlesController#create'
  [1m[36mArticle Create (2.0ms)[0m  [1m[32mINSERT INTO "articles" ("title", "body", "reports_count", "archived", "user_id", "created_at", "updated_at") VALUES ('test', 'test', NULL, NULL, 3, '2026-06-08 09:55:28.925098', '2026-06-08 09:55:28.925098') RETURNING "id" /*action='create',application='Store',controller='articles'*/[0m
  ↳ app/controllers/articles_controller.rb:26:in 'ArticlesController#create'
  [1m[36mTRANSACTION (0.1ms)[0m  [1m[31mROLLBACK TRANSACTION /*action='create',application='Store',controller='articles'*/[0m
  ↳ app/controllers/articles_controller.rb:26:in 'ArticlesController#create'
Completed 500 Internal Server Error in 30ms (ActiveRecord: 2.6ms (3 queries, 0 cached) | GC: 11.8ms)


  
NoMethodError (undefined method '>=' for nil):
  
app/models/article.rb:14:in 'Article#archive_if_reported'
app/controllers/articles_controller.rb:26:in 'ArticlesController#create'
  [1m[36mActiveRecord::SchemaMigration Load (0.8ms)[0m  [1m[34mSELECT "schema_migrations"."version" FROM "schema_migrations" ORDER BY "schema_migrations"."version" ASC /*application='Store'*/[0m
  [1m[36mActiveRecord::InternalMetadata Load (0.2ms)[0m  [1m[34mSELECT * FROM "ar_internal_metadata" WHERE "ar_internal_metadata"."key" = 'environment' ORDER BY "ar_internal_metadata"."key" ASC LIMIT 1 /*application='Store'*/[0m
  [1m[36mActiveRecord::SchemaMigration Load (0.1ms)[0m  [1m[34mSELECT "schema_migrations"."version" FROM "schema_migrations" ORDER BY "schema_migrations"."version" ASC /*application='Store'*/[0m
Migrating to FixArticleDefaults (20260608095809)
  [1m[36mTRANSACTION (0.0ms)[0m  [1m[35mBEGIN immediate TRANSACTION /*application='Store'*/[0m
  [1m[35m (0.0ms)[0m  [1m[35mPRAGMA foreign_keys /*application='Store'*/[0m
  [1m[35m (0.0ms)[0m  [1m[35mPRAGMA defer_foreign_keys /*application='Store'*/[0m
  [1m[35m (0.0ms)[0m  [1m[35mPRAGMA defer_foreign_keys = ON /*application='Store'*/[0m
  [1m[35m (0.0ms)[0m  [1m[35mPRAGMA foreign_keys = OFF /*application='Store'*/[0m
  [1m[35m (0.1ms)[0m  [1m[35mCREATE TEMPORARY TABLE "aarticles" ("id" integer PRIMARY KEY AUTOINCREMENT NOT NULL, "title" varchar, "body" text, "reports_count" integer, "archived" boolean, "user_id" integer NOT NULL, "created_at" datetime(6) NOT NULL, "updated_at" datetime(6) NOT NULL) /*application='Store'*/[0m
  [1m[35m (0.1ms)[0m  [1m[35mCREATE INDEX "tindex_aarticles_on_user_id" ON "aarticles" ("user_id") /*application='Store'*/[0m
  [1m[35mSQL (0.0ms)[0m  [1m[32mINSERT INTO "aarticles" ("id","title","body","reports_count","archived","user_id","created_at","updated_at")
                     SELECT "id","title","body","reports_count","archived","user_id","created_at","updated_at" FROM "articles" /*application='Store'*/[0m
  [1m[35m (0.1ms)[0m  [1m[35mDROP TABLE "articles" /*application='Store'*/[0m
  [1m[35m (0.1ms)[0m  [1m[35mCREATE TABLE "articles" ("id" integer PRIMARY KEY AUTOINCREMENT NOT NULL, "title" varchar, "body" text, "reports_count" integer DEFAULT 0, "archived" boolean, "user_id" integer NOT NULL, "created_at" datetime(6) NOT NULL, "updated_at" datetime(6) NOT NULL, CONSTRAINT "fk_rails_3d31dad1cc"
FOREIGN KEY ("user_id")
  REFERENCES "users" ("id")
) /*application='Store'*/[0m
  [1m[35m (0.1ms)[0m  [1m[35mCREATE INDEX "index_articles_on_user_id" ON "articles" ("user_id") /*application='Store'*/[0m
  [1m[35mSQL (0.0ms)[0m  [1m[32mINSERT INTO "articles" ("id","title","body","reports_count","archived","user_id","created_at","updated_at")
                     SELECT "id","title","body","reports_count","archived","user_id","created_at","updated_at" FROM "aarticles" /*application='Store'*/[0m
  [1m[35m (0.1ms)[0m  [1m[35mDROP TABLE "aarticles" /*application='Store'*/[0m
  [1m[35m (0.0ms)[0m  [1m[35mPRAGMA defer_foreign_keys = 0 /*application='Store'*/[0m
  [1m[35m (0.0ms)[0m  [1m[35mPRAGMA foreign_keys = 1 /*application='Store'*/[0m
  [1m[35m (0.0ms)[0m  [1m[35mPRAGMA foreign_keys /*application='Store'*/[0m
  [1m[35m (0.0ms)[0m  [1m[35mPRAGMA defer_foreign_keys /*application='Store'*/[0m
  [1m[35m (0.0ms)[0m  [1m[35mPRAGMA defer_foreign_keys = ON /*application='Store'*/[0m
  [1m[35m (0.0ms)[0m  [1m[35mPRAGMA foreign_keys = OFF /*application='Store'*/[0m
  [1m[35m (0.1ms)[0m  [1m[35mCREATE TEMPORARY TABLE "aarticles" ("id" integer PRIMARY KEY AUTOINCREMENT NOT NULL, "title" varchar, "body" text, "reports_count" integer DEFAULT 0, "archived" boolean, "user_id" integer NOT NULL, "created_at" datetime(6) NOT NULL, "updated_at" datetime(6) NOT NULL) /*application='Store'*/[0m
  [1m[35m (0.1ms)[0m  [1m[35mCREATE INDEX "tindex_aarticles_on_user_id" ON "aarticles" ("user_id") /*application='Store'*/[0m
  [1m[35mSQL (0.0ms)[0m  [1m[32mINSERT INTO "aarticles" ("id","title","body","reports_count","archived","user_id","created_at","updated_at")
                     SELECT "id","title","body","reports_count","archived","user_id","created_at","updated_at" FROM "articles" /*application='Store'*/[0m
  [1m[35m (0.1ms)[0m  [1m[35mDROP TABLE "articles" /*application='Store'*/[0m
  [1m[35m (0.1ms)[0m  [1m[35mCREATE TABLE "articles" ("id" integer PRIMARY KEY AUTOINCREMENT NOT NULL, "title" varchar, "body" text, "reports_count" integer DEFAULT 0, "archived" boolean DEFAULT FALSE, "user_id" integer NOT NULL, "created_at" datetime(6) NOT NULL, "updated_at" datetime(6) NOT NULL, CONSTRAINT "fk_rails_3d31dad1cc"
FOREIGN KEY ("user_id")
  REFERENCES "users" ("id")
) /*application='Store'*/[0m
  [1m[35m (0.1ms)[0m  [1m[35mCREATE INDEX "index_articles_on_user_id" ON "articles" ("user_id") /*application='Store'*/[0m
  [1m[35mSQL (0.0ms)[0m  [1m[32mINSERT INTO "articles" ("id","title","body","reports_count","archived","user_id","created_at","updated_at")
                     SELECT "id","title","body","reports_count","archived","user_id","created_at","updated_at" FROM "aarticles" /*application='Store'*/[0m
  [1m[35m (0.1ms)[0m  [1m[35mDROP TABLE "aarticles" /*application='Store'*/[0m
  [1m[35m (0.0ms)[0m  [1m[35mPRAGMA defer_foreign_keys = 0 /*application='Store'*/[0m
  [1m[35m (0.0ms)[0m  [1m[35mPRAGMA foreign_keys = 1 /*application='Store'*/[0m
  [1m[36mActiveRecord::SchemaMigration Create (0.1ms)[0m  [1m[32mINSERT INTO "schema_migrations" ("version") VALUES ('20260608095809') RETURNING "version" /*application='Store'*/[0m
  [1m[36mTRANSACTION (0.1ms)[0m  [1m[35mCOMMIT TRANSACTION /*application='Store'*/[0m
  [1m[36mActiveRecord::SchemaMigration Load (0.0ms)[0m  [1m[34mSELECT "schema_migrations"."version" FROM "schema_migrations" ORDER BY "schema_migrations"."version" ASC /*application='Store'*/[0m
Started GET "/" for 127.0.0.1 at 2026-06-08 12:58:43 +0300
  [1m[36mActiveRecord::SchemaMigration Load (0.1ms)[0m  [1m[34mSELECT "schema_migrations"."version" FROM "schema_migrations" ORDER BY "schema_migrations"."version" ASC /*application='Store'*/[0m
Processing by ArticlesController#index as HTML
  Rendering layout layouts/application.html.erb
  Rendering articles/index.html.erb within layouts/application
  [1m[36mSession Load (0.1ms)[0m  [1m[34mSELECT "sessions".* FROM "sessions" WHERE "sessions"."id" = 2 LIMIT 1 /*action='index',application='Store',controller='articles'*/[0m
  ↳ app/controllers/concerns/authentication.rb:29:in 'Authentication#find_session_by_cookie'
  [1m[36mArticle Load (0.1ms)[0m  [1m[34mSELECT "articles".* FROM "articles" WHERE "articles"."archived" = FALSE /*action='index',application='Store',controller='articles'*/[0m
  ↳ app/views/articles/index.html.erb:8
  Rendered articles/index.html.erb within layouts/application (Duration: 7.8ms | GC: 0.4ms)
  Rendered layout layouts/application.html.erb (Duration: 11.4ms | GC: 0.8ms)
Completed 200 OK in 22ms (Views: 12.2ms | ActiveRecord: 1.2ms (2 queries, 0 cached) | GC: 5.8ms)


Started GET "/" for 127.0.0.1 at 2026-06-08 12:58:43 +0300
Processing by ArticlesController#index as HTML
  Rendering layout layouts/application.html.erb
  Rendering articles/index.html.erb within layouts/application
  [1m[36mSession Load (0.2ms)[0m  [1m[34mSELECT "sessions".* FROM "sessions" WHERE "sessions"."id" = 2 LIMIT 1 /*action='index',application='Store',controller='articles'*/[0m
  ↳ app/controllers/concerns/authentication.rb:29:in 'Authentication#find_session_by_cookie'
  [1m[36mArticle Load (0.1ms)[0m  [1m[34mSELECT "articles".* FROM "articles" WHERE "articles"."archived" = FALSE /*action='index',application='Store',controller='articles'*/[0m
  ↳ app/views/articles/index.html.erb:8
  Rendered articles/index.html.erb within layouts/application (Duration: 4.1ms | GC: 0.0ms)
  Rendered layout layouts/application.html.erb (Duration: 5.4ms | GC: 0.0ms)
Completed 200 OK in 7ms (Views: 5.7ms | ActiveRecord: 0.3ms (2 queries, 0 cached) | GC: 0.0ms)


Started GET "/articles/new" for 127.0.0.1 at 2026-06-08 12:58:44 +0300
Processing by ArticlesController#new as HTML
  [1m[36mSession Load (0.3ms)[0m  [1m[34mSELECT "sessions".* FROM "sessions" WHERE "sessions"."id" = 2 LIMIT 1 /*action='new',application='Store',controller='articles'*/[0m
  ↳ app/controllers/concerns/authentication.rb:29:in 'Authentication#find_session_by_cookie'
  [1m[36mUser Load (0.1ms)[0m  [1m[34mSELECT "users".* FROM "users" WHERE "users"."id" = 3 LIMIT 1 /*action='new',application='Store',controller='articles'*/[0m
  ↳ app/models/current.rb:3:in 'Current#user'
  Rendering layout layouts/application.html.erb
  Rendering articles/new.html.erb within layouts/application
  Rendered articles/_form.html.erb (Duration: 2.1ms | GC: 0.0ms)
  Rendered articles/new.html.erb within layouts/application (Duration: 3.6ms | GC: 0.7ms)
  Rendered layout layouts/application.html.erb (Duration: 4.4ms | GC: 0.7ms)
Completed 200 OK in 25ms (Views: 4.9ms | ActiveRecord: 1.1ms (2 queries, 0 cached) | GC: 1.3ms)


Started POST "/articles" for 127.0.0.1 at 2026-06-08 12:58:47 +0300
Processing by ArticlesController#create as TURBO_STREAM
  Parameters: {"authenticity_token" => "[FILTERED]", "article" => {"title" => "test", "body" => "test"}, "commit" => "Create Article"}
  [1m[36mSession Load (0.3ms)[0m  [1m[34mSELECT "sessions".* FROM "sessions" WHERE "sessions"."id" = 2 LIMIT 1 /*action='create',application='Store',controller='articles'*/[0m
  ↳ app/controllers/concerns/authentication.rb:29:in 'Authentication#find_session_by_cookie'
  [1m[36mUser Load (0.3ms)[0m  [1m[34mSELECT "users".* FROM "users" WHERE "users"."id" = 3 LIMIT 1 /*action='create',application='Store',controller='articles'*/[0m
  ↳ app/models/current.rb:3:in 'Current#user'
  [1m[36mTRANSACTION (0.1ms)[0m  [1m[35mBEGIN immediate TRANSACTION /*action='create',application='Store',controller='articles'*/[0m
  ↳ app/controllers/articles_controller.rb:26:in 'ArticlesController#create'
  [1m[36mArticle Create (2.0ms)[0m  [1m[32mINSERT INTO "articles" ("title", "body", "reports_count", "archived", "user_id", "created_at", "updated_at") VALUES ('test', 'test', 0, FALSE, 3, '2026-06-08 09:58:47.728970', '2026-06-08 09:58:47.728970') RETURNING "id" /*action='create',application='Store',controller='articles'*/[0m
  ↳ app/controllers/articles_controller.rb:26:in 'ArticlesController#create'
  [1m[36mTRANSACTION (11.4ms)[0m  [1m[35mCOMMIT TRANSACTION /*action='create',application='Store',controller='articles'*/[0m
  ↳ app/controllers/articles_controller.rb:26:in 'ArticlesController#create'
Redirected to http://127.0.0.1:3000/articles/1
↳ app/controllers/articles_controller.rb:27:in 'ArticlesController#create'
Completed 302 Found in 27ms (ActiveRecord: 14.1ms (3 queries, 0 cached) | GC: 0.0ms)


Started GET "/articles/1" for 127.0.0.1 at 2026-06-08 12:58:47 +0300
Processing by ArticlesController#show as TURBO_STREAM
  Parameters: {"id" => "1"}
  [1m[36mArticle Load (0.1ms)[0m  [1m[34mSELECT "articles".* FROM "articles" WHERE "articles"."id" = 1 LIMIT 1 /*action='show',application='Store',controller='articles'*/[0m
  ↳ app/controllers/articles_controller.rb:60:in 'ArticlesController#set_article'
  Rendering layout layouts/application.html.erb
  Rendering articles/show.html.erb within layouts/application
  [1m[36mActiveStorage::Attachment Load (0.1ms)[0m  [1m[34mSELECT "active_storage_attachments".* FROM "active_storage_attachments" WHERE "active_storage_attachments"."record_id" = 1 AND "active_storage_attachments"."record_type" = 'Article' AND "active_storage_attachments"."name" = 'image' LIMIT 1 /*action='show',application='Store',controller='articles'*/[0m
  ↳ app/views/articles/show.html.erb:8
  [1m[36mSession Load (0.1ms)[0m  [1m[34mSELECT "sessions".* FROM "sessions" WHERE "sessions"."id" = 2 LIMIT 1 /*action='show',application='Store',controller='articles'*/[0m
  ↳ app/controllers/concerns/authentication.rb:29:in 'Authentication#find_session_by_cookie'
  [1m[36mUser Load (0.1ms)[0m  [1m[34mSELECT "users".* FROM "users" WHERE "users"."id" = 3 LIMIT 1 /*action='show',application='Store',controller='articles'*/[0m
  ↳ app/views/articles/show.html.erb:14
  [1m[36mCACHE User Load (0.0ms)[0m  [1m[34mSELECT "users".* FROM "users" WHERE "users"."id" = 3 LIMIT 1[0m
  ↳ app/models/current.rb:3:in 'Current#user'
  Rendered articles/show.html.erb within layouts/application (Duration: 10.7ms | GC: 0.0ms)
  Rendered layout layouts/application.html.erb (Duration: 12.6ms | GC: 0.0ms)
Completed 200 OK in 15ms (Views: 12.9ms | ActiveRecord: 0.6ms (5 queries, 1 cached) | GC: 0.0ms)


Started DELETE "/articles/1" for 127.0.0.1 at 2026-06-08 12:58:51 +0300
Processing by ArticlesController#destroy as TURBO_STREAM
  Parameters: {"authenticity_token" => "[FILTERED]", "id" => "1"}
  [1m[36mArticle Load (0.2ms)[0m  [1m[34mSELECT "articles".* FROM "articles" WHERE "articles"."id" = 1 LIMIT 1 /*action='destroy',application='Store',controller='articles'*/[0m
  ↳ app/controllers/articles_controller.rb:60:in 'ArticlesController#set_article'
  [1m[36mSession Load (0.3ms)[0m  [1m[34mSELECT "sessions".* FROM "sessions" WHERE "sessions"."id" = 2 LIMIT 1 /*action='destroy',application='Store',controller='articles'*/[0m
  ↳ app/controllers/concerns/authentication.rb:29:in 'Authentication#find_session_by_cookie'
  [1m[36mUser Load (0.2ms)[0m  [1m[34mSELECT "users".* FROM "users" WHERE "users"."id" = 3 LIMIT 1 /*action='destroy',application='Store',controller='articles'*/[0m
  ↳ app/controllers/articles_controller.rb:64:in 'ArticlesController#authorize_owner'
  [1m[36mCACHE User Load (0.0ms)[0m  [1m[34mSELECT "users".* FROM "users" WHERE "users"."id" = 3 LIMIT 1[0m
  ↳ app/models/current.rb:3:in 'Current#user'
  [1m[36mTRANSACTION (0.1ms)[0m  [1m[35mBEGIN immediate TRANSACTION /*action='destroy',application='Store',controller='articles'*/[0m
  ↳ app/controllers/articles_controller.rb:45:in 'ArticlesController#destroy'
  [1m[36mActiveStorage::Attachment Load (0.9ms)[0m  [1m[34mSELECT "active_storage_attachments".* FROM "active_storage_attachments" WHERE "active_storage_attachments"."record_id" = 1 AND "active_storage_attachments"."record_type" = 'Article' AND "active_storage_attachments"."name" = 'image' LIMIT 1 /*action='destroy',application='Store',controller='articles'*/[0m
  ↳ app/controllers/articles_controller.rb:45:in 'ArticlesController#destroy'
  [1m[36mArticle Destroy (0.1ms)[0m  [1m[31mDELETE FROM "articles" WHERE "articles"."id" = 1 /*action='destroy',application='Store',controller='articles'*/[0m
  ↳ app/controllers/articles_controller.rb:45:in 'ArticlesController#destroy'
  [1m[36mTRANSACTION (0.1ms)[0m  [1m[35mCOMMIT TRANSACTION /*action='destroy',application='Store',controller='articles'*/[0m
  ↳ app/controllers/articles_controller.rb:45:in 'ArticlesController#destroy'
Redirected to http://127.0.0.1:3000/articles
↳ app/controllers/articles_controller.rb:46:in 'ArticlesController#destroy'
Completed 302 Found in 21ms (ActiveRecord: 1.8ms (6 queries, 1 cached) | GC: 7.8ms)


Started GET "/articles" for 127.0.0.1 at 2026-06-08 12:58:51 +0300
Processing by ArticlesController#index as TURBO_STREAM
  Rendering layout layouts/application.html.erb
  Rendering articles/index.html.erb within layouts/application
  [1m[36mSession Load (0.2ms)[0m  [1m[34mSELECT "sessions".* FROM "sessions" WHERE "sessions"."id" = 2 LIMIT 1 /*action='index',application='Store',controller='articles'*/[0m
  ↳ app/controllers/concerns/authentication.rb:29:in 'Authentication#find_session_by_cookie'
  [1m[36mArticle Load (0.1ms)[0m  [1m[34mSELECT "articles".* FROM "articles" WHERE "articles"."archived" = FALSE /*action='index',application='Store',controller='articles'*/[0m
  ↳ app/views/articles/index.html.erb:8
  Rendered articles/index.html.erb within layouts/application (Duration: 2.2ms | GC: 0.0ms)
  Rendered layout layouts/application.html.erb (Duration: 3.2ms | GC: 0.0ms)
Completed 200 OK in 4ms (Views: 3.3ms | ActiveRecord: 0.2ms (2 queries, 0 cached) | GC: 0.0ms)


Started GET "/articles" for 127.0.0.1 at 2026-06-08 12:59:48 +0300
Processing by ArticlesController#index as HTML
  Rendering layout layouts/application.html.erb
  Rendering articles/index.html.erb within layouts/application
  [1m[36mSession Load (0.1ms)[0m  [1m[34mSELECT "sessions".* FROM "sessions" WHERE "sessions"."id" = 2 LIMIT 1 /*action='index',application='Store',controller='articles'*/[0m
  ↳ app/controllers/concerns/authentication.rb:29:in 'Authentication#find_session_by_cookie'
  [1m[36mArticle Load (0.1ms)[0m  [1m[34mSELECT "articles".* FROM "articles" WHERE "articles"."archived" = FALSE /*action='index',application='Store',controller='articles'*/[0m
  ↳ app/views/articles/index.html.erb:8
  Rendered articles/index.html.erb within layouts/application (Duration: 6.7ms | GC: 0.0ms)
  Rendered layout layouts/application.html.erb (Duration: 8.9ms | GC: 0.0ms)
Completed 200 OK in 13ms (Views: 9.2ms | ActiveRecord: 1.3ms (2 queries, 0 cached) | GC: 0.0ms)


Started GET "/articles" for 127.0.0.1 at 2026-06-08 12:59:49 +0300
Processing by ArticlesController#index as HTML
  Rendering layout layouts/application.html.erb
  Rendering articles/index.html.erb within layouts/application
  [1m[36mSession Load (0.2ms)[0m  [1m[34mSELECT "sessions".* FROM "sessions" WHERE "sessions"."id" = 2 LIMIT 1 /*action='index',application='Store',controller='articles'*/[0m
  ↳ app/controllers/concerns/authentication.rb:29:in 'Authentication#find_session_by_cookie'
  [1m[36mArticle Load (0.1ms)[0m  [1m[34mSELECT "articles".* FROM "articles" WHERE "articles"."archived" = FALSE /*action='index',application='Store',controller='articles'*/[0m
  ↳ app/views/articles/index.html.erb:8
  Rendered articles/index.html.erb within layouts/application (Duration: 13.1ms | GC: 8.7ms)
  Rendered layout layouts/application.html.erb (Duration: 14.5ms | GC: 8.7ms)
Completed 200 OK in 17ms (Views: 14.9ms | ActiveRecord: 0.4ms (2 queries, 0 cached) | GC: 8.7ms)


Started DELETE "/session" for 127.0.0.1 at 2026-06-08 12:59:53 +0300
Processing by SessionsController#destroy as TURBO_STREAM
  Parameters: {"authenticity_token" => "[FILTERED]"}
  [1m[36mSession Load (0.3ms)[0m  [1m[34mSELECT "sessions".* FROM "sessions" WHERE "sessions"."id" = 2 LIMIT 1 /*action='destroy',application='Store',controller='sessions'*/[0m
  ↳ app/controllers/concerns/authentication.rb:29:in 'Authentication#find_session_by_cookie'
  [1m[36mTRANSACTION (0.1ms)[0m  [1m[35mBEGIN immediate TRANSACTION /*action='destroy',application='Store',controller='sessions'*/[0m
  ↳ app/controllers/concerns/authentication.rb:49:in 'Authentication#terminate_session'
  [1m[36mSession Destroy (2.2ms)[0m  [1m[31mDELETE FROM "sessions" WHERE "sessions"."id" = 2 /*action='destroy',application='Store',controller='sessions'*/[0m
  ↳ app/controllers/concerns/authentication.rb:49:in 'Authentication#terminate_session'
  [1m[36mTRANSACTION (10.8ms)[0m  [1m[35mCOMMIT TRANSACTION /*action='destroy',application='Store',controller='sessions'*/[0m
  ↳ app/controllers/concerns/authentication.rb:49:in 'Authentication#terminate_session'
Redirected to http://127.0.0.1:3000/session/new
↳ app/controllers/sessions_controller.rb:19:in 'SessionsController#destroy'
Completed 303 See Other in 24ms (ActiveRecord: 13.3ms (2 queries, 0 cached) | GC: 1.3ms)


Started GET "/session/new" for 127.0.0.1 at 2026-06-08 12:59:53 +0300
Processing by SessionsController#new as TURBO_STREAM
  Rendering layout layouts/application.html.erb
  Rendering sessions/new.html.erb within layouts/application
  Rendered sessions/new.html.erb within layouts/application (Duration: 1.6ms | GC: 0.0ms)
  Rendered layout layouts/application.html.erb (Duration: 2.3ms | GC: 0.0ms)
Completed 200 OK in 4ms (Views: 2.9ms | ActiveRecord: 0.0ms (0 queries, 0 cached) | GC: 0.5ms)


Started GET "/session/new" for 127.0.0.1 at 2026-06-08 12:59:55 +0300
Processing by SessionsController#new as HTML
  Rendering layout layouts/application.html.erb
  Rendering sessions/new.html.erb within layouts/application
  Rendered sessions/new.html.erb within layouts/application (Duration: 2.0ms | GC: 0.0ms)
  Rendered layout layouts/application.html.erb (Duration: 3.5ms | GC: 0.0ms)
Completed 200 OK in 6ms (Views: 4.8ms | ActiveRecord: 0.0ms (0 queries, 0 cached) | GC: 0.5ms)


Started GET "/sign_up" for 127.0.0.1 at 2026-06-08 12:59:55 +0300
Processing by RegistrationsController#new as HTML
  Rendering layout layouts/application.html.erb
  Rendering registrations/new.html.erb within layouts/application
  Rendered registrations/new.html.erb within layouts/application (Duration: 1.8ms | GC: 0.1ms)
  Rendered layout layouts/application.html.erb (Duration: 2.5ms | GC: 0.1ms)
Completed 200 OK in 10ms (Views: 3.1ms | ActiveRecord: 0.4ms (0 queries, 0 cached) | GC: 0.3ms)


Started GET "/session/new" for 127.0.0.1 at 2026-06-08 12:59:56 +0300
Processing by SessionsController#new as HTML
  Rendering layout layouts/application.html.erb
  Rendering sessions/new.html.erb within layouts/application
  Rendered sessions/new.html.erb within layouts/application (Duration: 2.3ms | GC: 0.0ms)
  Rendered layout layouts/application.html.erb (Duration: 4.1ms | GC: 0.2ms)
Completed 200 OK in 9ms (Views: 5.0ms | ActiveRecord: 0.0ms (0 queries, 0 cached) | GC: 0.2ms)


Started GET "/sign_up" for 127.0.0.1 at 2026-06-08 12:59:56 +0300
Processing by RegistrationsController#new as HTML
  Rendering layout layouts/application.html.erb
  Rendering registrations/new.html.erb within layouts/application
  Rendered registrations/new.html.erb within layouts/application (Duration: 6.7ms | GC: 3.9ms)
  Rendered layout layouts/application.html.erb (Duration: 11.2ms | GC: 7.1ms)
Completed 200 OK in 17ms (Views: 15.7ms | ActiveRecord: 0.0ms (0 queries, 0 cached) | GC: 10.7ms)


Started GET "/session/new" for 127.0.0.1 at 2026-06-08 12:59:57 +0300
Processing by SessionsController#new as HTML
  Rendering layout layouts/application.html.erb
  Rendering sessions/new.html.erb within layouts/application
  Rendered sessions/new.html.erb within layouts/application (Duration: 7.4ms | GC: 5.5ms)
  Rendered layout layouts/application.html.erb (Duration: 9.7ms | GC: 6.7ms)
Completed 200 OK in 16ms (Views: 10.6ms | ActiveRecord: 0.0ms (0 queries, 0 cached) | GC: 10.1ms)


Started GET "/sign_up" for 127.0.0.1 at 2026-06-08 12:59:57 +0300
Processing by RegistrationsController#new as HTML
  Rendering layout layouts/application.html.erb
  Rendering registrations/new.html.erb within layouts/application
  Rendered registrations/new.html.erb within layouts/application (Duration: 6.2ms | GC: 3.3ms)
  Rendered layout layouts/application.html.erb (Duration: 8.6ms | GC: 4.3ms)
Completed 200 OK in 12ms (Views: 9.4ms | ActiveRecord: 0.0ms (0 queries, 0 cached) | GC: 5.6ms)


Started GET "/session/new" for 127.0.0.1 at 2026-06-08 12:59:58 +0300
Processing by SessionsController#new as HTML
  Rendering layout layouts/application.html.erb
  Rendering sessions/new.html.erb within layouts/application
  Rendered sessions/new.html.erb within layouts/application (Duration: 6.4ms | GC: 4.4ms)
  Rendered layout layouts/application.html.erb (Duration: 9.0ms | GC: 5.7ms)
Completed 200 OK in 15ms (Views: 11.7ms | ActiveRecord: 0.0ms (0 queries, 0 cached) | GC: 8.9ms)


Started GET "/sign_up" for 127.0.0.1 at 2026-06-08 12:59:58 +0300
Processing by RegistrationsController#new as HTML
  Rendering layout layouts/application.html.erb
  Rendering registrations/new.html.erb within layouts/application
  Rendered registrations/new.html.erb within layouts/application (Duration: 9.9ms | GC: 6.0ms)
  Rendered layout layouts/application.html.erb (Duration: 11.7ms | GC: 6.0ms)
Completed 200 OK in 16ms (Views: 13.0ms | ActiveRecord: 0.0ms (0 queries, 0 cached) | GC: 8.2ms)


Started GET "/session/new" for 127.0.0.1 at 2026-06-08 12:59:58 +0300
Processing by SessionsController#new as HTML
  Rendering layout layouts/application.html.erb
  Rendering sessions/new.html.erb within layouts/application
  Rendered sessions/new.html.erb within layouts/application (Duration: 3.9ms | GC: 1.8ms)
  Rendered layout layouts/application.html.erb (Duration: 5.2ms | GC: 1.8ms)
Completed 200 OK in 7ms (Views: 6.0ms | ActiveRecord: 0.0ms (0 queries, 0 cached) | GC: 1.8ms)


Started GET "/sign_up" for 127.0.0.1 at 2026-06-08 12:59:59 +0300
Processing by RegistrationsController#new as HTML
  Rendering layout layouts/application.html.erb
  Rendering registrations/new.html.erb within layouts/application
  Rendered registrations/new.html.erb within layouts/application (Duration: 2.6ms | GC: 0.0ms)
  Rendered layout layouts/application.html.erb (Duration: 4.0ms | GC: 0.0ms)
Completed 200 OK in 6ms (Views: 4.8ms | ActiveRecord: 0.0ms (0 queries, 0 cached) | GC: 0.0ms)


Started GET "/session/new" for 127.0.0.1 at 2026-06-08 12:59:59 +0300
Processing by SessionsController#new as HTML
  Rendering layout layouts/application.html.erb
  Rendering sessions/new.html.erb within layouts/application
  Rendered sessions/new.html.erb within layouts/application (Duration: 2.1ms | GC: 0.0ms)
  Rendered layout layouts/application.html.erb (Duration: 3.5ms | GC: 0.0ms)
Completed 200 OK in 5ms (Views: 4.2ms | ActiveRecord: 0.0ms (0 queries, 0 cached) | GC: 0.0ms)


Started GET "/sign_up" for 127.0.0.1 at 2026-06-08 13:00:00 +0300
Processing by RegistrationsController#new as HTML
  Rendering layout layouts/application.html.erb
  Rendering registrations/new.html.erb within layouts/application
  Rendered registrations/new.html.erb within layouts/application (Duration: 2.6ms | GC: 0.0ms)
  Rendered layout layouts/application.html.erb (Duration: 4.1ms | GC: 0.0ms)
Completed 200 OK in 6ms (Views: 4.9ms | ActiveRecord: 0.0ms (0 queries, 0 cached) | GC: 0.0ms)


Started GET "/session/new" for 127.0.0.1 at 2026-06-08 13:00:00 +0300
Processing by SessionsController#new as HTML
  Rendering layout layouts/application.html.erb
  Rendering sessions/new.html.erb within layouts/application
  Rendered sessions/new.html.erb within layouts/application (Duration: 2.8ms | GC: 0.6ms)
  Rendered layout layouts/application.html.erb (Duration: 4.3ms | GC: 0.6ms)
Completed 200 OK in 6ms (Views: 5.0ms | ActiveRecord: 0.0ms (0 queries, 0 cached) | GC: 0.6ms)


Started GET "/sign_up" for 127.0.0.1 at 2026-06-08 13:00:00 +0300
Processing by RegistrationsController#new as HTML
  Rendering layout layouts/application.html.erb
  Rendering registrations/new.html.erb within layouts/application
  Rendered registrations/new.html.erb within layouts/application (Duration: 2.5ms | GC: 0.0ms)
  Rendered layout layouts/application.html.erb (Duration: 4.0ms | GC: 0.0ms)
Completed 200 OK in 6ms (Views: 4.7ms | ActiveRecord: 0.0ms (0 queries, 0 cached) | GC: 0.0ms)


Started GET "/session/new" for 127.0.0.1 at 2026-06-08 13:00:02 +0300
Processing by SessionsController#new as HTML
  Rendering layout layouts/application.html.erb
  Rendering sessions/new.html.erb within layouts/application
  Rendered sessions/new.html.erb within layouts/application (Duration: 1.9ms | GC: 0.0ms)
  Rendered layout layouts/application.html.erb (Duration: 3.4ms | GC: 0.0ms)
Completed 200 OK in 6ms (Views: 4.2ms | ActiveRecord: 0.0ms (0 queries, 0 cached) | GC: 0.4ms)


Started GET "/passwords/new" for 127.0.0.1 at 2026-06-08 13:00:04 +0300
Processing by PasswordsController#new as HTML
  Rendering layout layouts/application.html.erb
  Rendering passwords/new.html.erb within layouts/application
  Rendered passwords/new.html.erb within layouts/application (Duration: 3.1ms | GC: 0.0ms)
  Rendered layout layouts/application.html.erb (Duration: 4.6ms | GC: 0.0ms)
Completed 200 OK in 9ms (Views: 6.1ms | ActiveRecord: 0.0ms (0 queries, 0 cached) | GC: 0.6ms)


Started GET "/articles" for 127.0.0.1 at 2026-06-08 13:00:06 +0300
Processing by ArticlesController#index as HTML
  Rendering layout layouts/application.html.erb
  Rendering articles/index.html.erb within layouts/application
  [1m[36mArticle Load (0.4ms)[0m  [1m[34mSELECT "articles".* FROM "articles" WHERE "articles"."archived" = FALSE /*action='index',application='Store',controller='articles'*/[0m
  ↳ app/views/articles/index.html.erb:8
  Rendered articles/index.html.erb within layouts/application (Duration: 5.2ms | GC: 2.3ms)
  Rendered layout layouts/application.html.erb (Duration: 7.2ms | GC: 2.3ms)
Completed 200 OK in 10ms (Views: 7.6ms | ActiveRecord: 0.4ms (1 query, 0 cached) | GC: 2.3ms)


Started GET "/" for 127.0.0.1 at 2026-06-08 13:00:07 +0300
Processing by ArticlesController#index as HTML
  Rendering layout layouts/application.html.erb
  Rendering articles/index.html.erb within layouts/application
  [1m[36mArticle Load (0.3ms)[0m  [1m[34mSELECT "articles".* FROM "articles" WHERE "articles"."archived" = FALSE /*action='index',application='Store',controller='articles'*/[0m
  ↳ app/views/articles/index.html.erb:8
  Rendered articles/index.html.erb within layouts/application (Duration: 2.5ms | GC: 0.0ms)
  Rendered layout layouts/application.html.erb (Duration: 4.4ms | GC: 0.0ms)
Completed 200 OK in 7ms (Views: 4.8ms | ActiveRecord: 0.3ms (1 query, 0 cached) | GC: 0.0ms)


Started GET "/articles" for 127.0.0.1 at 2026-06-08 13:00:07 +0300
Processing by ArticlesController#index as HTML
  Rendering layout layouts/application.html.erb
  Rendering articles/index.html.erb within layouts/application
  [1m[36mArticle Load (0.2ms)[0m  [1m[34mSELECT "articles".* FROM "articles" WHERE "articles"."archived" = FALSE /*action='index',application='Store',controller='articles'*/[0m
  ↳ app/views/articles/index.html.erb:8
  Rendered articles/index.html.erb within layouts/application (Duration: 2.5ms | GC: 0.0ms)
  Rendered layout layouts/application.html.erb (Duration: 5.0ms | GC: 0.0ms)
Completed 200 OK in 7ms (Views: 5.5ms | ActiveRecord: 0.2ms (1 query, 0 cached) | GC: 0.0ms)


Started GET "/" for 127.0.0.1 at 2026-06-08 13:00:08 +0300
Processing by ArticlesController#index as HTML
  Rendering layout layouts/application.html.erb
  Rendering articles/index.html.erb within layouts/application
  [1m[36mArticle Load (0.2ms)[0m  [1m[34mSELECT "articles".* FROM "articles" WHERE "articles"."archived" = FALSE /*action='index',application='Store',controller='articles'*/[0m
  ↳ app/views/articles/index.html.erb:8
  Rendered articles/index.html.erb within layouts/application (Duration: 2.1ms | GC: 0.0ms)
  Rendered layout layouts/application.html.erb (Duration: 4.1ms | GC: 0.0ms)
Completed 200 OK in 6ms (Views: 4.5ms | ActiveRecord: 0.2ms (1 query, 0 cached) | GC: 0.0ms)


Started GET "/" for 127.0.0.1 at 2026-06-08 13:00:08 +0300
Processing by ArticlesController#index as HTML
  Rendering layout layouts/application.html.erb
  Rendering articles/index.html.erb within layouts/application
  [1m[36mArticle Load (0.3ms)[0m  [1m[34mSELECT "articles".* FROM "articles" WHERE "articles"."archived" = FALSE /*action='index',application='Store',controller='articles'*/[0m
  ↳ app/views/articles/index.html.erb:8
  Rendered articles/index.html.erb within layouts/application (Duration: 2.3ms | GC: 0.0ms)
  Rendered layout layouts/application.html.erb (Duration: 4.1ms | GC: 0.0ms)
Completed 200 OK in 7ms (Views: 4.8ms | ActiveRecord: 0.3ms (1 query, 0 cached) | GC: 0.0ms)


Started GET "/articles" for 127.0.0.1 at 2026-06-08 13:00:08 +0300
Processing by ArticlesController#index as HTML
  Rendering layout layouts/application.html.erb
  Rendering articles/index.html.erb within layouts/application
  [1m[36mArticle Load (0.3ms)[0m  [1m[34mSELECT "articles".* FROM "articles" WHERE "articles"."archived" = FALSE /*action='index',application='Store',controller='articles'*/[0m
  ↳ app/views/articles/index.html.erb:8
  Rendered articles/index.html.erb within layouts/application (Duration: 2.9ms | GC: 0.0ms)
  Rendered layout layouts/application.html.erb (Duration: 5.2ms | GC: 0.0ms)
Completed 200 OK in 7ms (Views: 5.6ms | ActiveRecord: 0.3ms (1 query, 0 cached) | GC: 0.0ms)


Started GET "/" for 127.0.0.1 at 2026-06-08 13:00:09 +0300
Processing by ArticlesController#index as HTML
  Rendering layout layouts/application.html.erb
  Rendering articles/index.html.erb within layouts/application
  [1m[36mArticle Load (0.3ms)[0m  [1m[34mSELECT "articles".* FROM "articles" WHERE "articles"."archived" = FALSE /*action='index',application='Store',controller='articles'*/[0m
  ↳ app/views/articles/index.html.erb:8
  Rendered articles/index.html.erb within layouts/application (Duration: 2.4ms | GC: 0.0ms)
  Rendered layout layouts/application.html.erb (Duration: 4.4ms | GC: 0.0ms)
Completed 200 OK in 7ms (Views: 4.8ms | ActiveRecord: 0.3ms (1 query, 0 cached) | GC: 0.0ms)


Started GET "/articles" for 127.0.0.1 at 2026-06-08 13:00:30 +0300
Processing by ArticlesController#index as HTML
  Rendering layout layouts/application.html.erb
  Rendering articles/index.html.erb within layouts/application
  [1m[36mArticle Load (0.1ms)[0m  [1m[34mSELECT "articles".* FROM "articles" WHERE "articles"."archived" = FALSE /*action='index',application='Store',controller='articles'*/[0m
  ↳ app/views/articles/index.html.erb:8
  Rendered articles/index.html.erb within layouts/application (Duration: 1.9ms | GC: 0.0ms)
  Rendered layout layouts/application.html.erb (Duration: 4.4ms | GC: 0.0ms)
Completed 200 OK in 9ms (Views: 5.0ms | ActiveRecord: 0.7ms (1 query, 0 cached) | GC: 0.0ms)


Started GET "/" for 127.0.0.1 at 2026-06-08 13:00:31 +0300
Processing by ArticlesController#index as HTML
  Rendering layout layouts/application.html.erb
  Rendering articles/index.html.erb within layouts/application
  [1m[36mArticle Load (0.3ms)[0m  [1m[34mSELECT "articles".* FROM "articles" WHERE "articles"."archived" = FALSE /*action='index',application='Store',controller='articles'*/[0m
  ↳ app/views/articles/index.html.erb:8
  Rendered articles/index.html.erb within layouts/application (Duration: 1.8ms | GC: 0.0ms)
  Rendered layout layouts/application.html.erb (Duration: 3.3ms | GC: 0.0ms)
Completed 200 OK in 6ms (Views: 3.8ms | ActiveRecord: 0.3ms (1 query, 0 cached) | GC: 0.0ms)


Started GET "/" for 127.0.0.1 at 2026-06-08 13:00:32 +0300
Processing by ArticlesController#index as HTML
  Rendering layout layouts/application.html.erb
  Rendering articles/index.html.erb within layouts/application
  [1m[36mArticle Load (0.2ms)[0m  [1m[34mSELECT "articles".* FROM "articles" WHERE "articles"."archived" = FALSE /*action='index',application='Store',controller='articles'*/[0m
  ↳ app/views/articles/index.html.erb:8
  Rendered articles/index.html.erb within layouts/application (Duration: 1.7ms | GC: 0.0ms)
  Rendered layout layouts/application.html.erb (Duration: 3.1ms | GC: 0.0ms)
Completed 200 OK in 5ms (Views: 3.5ms | ActiveRecord: 0.2ms (1 query, 0 cached) | GC: 0.0ms)


Started GET "/" for 127.0.0.1 at 2026-06-08 13:00:32 +0300
Processing by ArticlesController#index as HTML
  Rendering layout layouts/application.html.erb
  Rendering articles/index.html.erb within layouts/application
  [1m[36mArticle Load (0.3ms)[0m  [1m[34mSELECT "articles".* FROM "articles" WHERE "articles"."archived" = FALSE /*action='index',application='Store',controller='articles'*/[0m
  ↳ app/views/articles/index.html.erb:8
  Rendered articles/index.html.erb within layouts/application (Duration: 2.4ms | GC: 0.0ms)
  Rendered layout layouts/application.html.erb (Duration: 3.9ms | GC: 0.0ms)
Completed 200 OK in 6ms (Views: 4.3ms | ActiveRecord: 0.3ms (1 query, 0 cached) | GC: 0.0ms)


Started GET "/articles" for 127.0.0.1 at 2026-06-08 13:00:32 +0300
Processing by ArticlesController#index as HTML
  Rendering layout layouts/application.html.erb
  Rendering articles/index.html.erb within layouts/application
  [1m[36mArticle Load (0.3ms)[0m  [1m[34mSELECT "articles".* FROM "articles" WHERE "articles"."archived" = FALSE /*action='index',application='Store',controller='articles'*/[0m
  ↳ app/views/articles/index.html.erb:8
  Rendered articles/index.html.erb within layouts/application (Duration: 2.0ms | GC: 0.0ms)
  Rendered layout layouts/application.html.erb (Duration: 4.1ms | GC: 0.0ms)
Completed 200 OK in 7ms (Views: 4.6ms | ActiveRecord: 0.3ms (1 query, 0 cached) | GC: 0.0ms)


Started GET "/sign_up" for 127.0.0.1 at 2026-06-08 13:00:33 +0300
Processing by RegistrationsController#new as HTML
  Rendering layout layouts/application.html.erb
  Rendering registrations/new.html.erb within layouts/application
  Rendered registrations/new.html.erb within layouts/application (Duration: 1.9ms | GC: 0.0ms)
  Rendered layout layouts/application.html.erb (Duration: 2.8ms | GC: 0.0ms)
Completed 200 OK in 16ms (Views: 3.7ms | ActiveRecord: 1.0ms (0 queries, 0 cached) | GC: 0.0ms)


Started GET "/session/new" for 127.0.0.1 at 2026-06-08 13:00:33 +0300
Processing by SessionsController#new as HTML
  Rendering layout layouts/application.html.erb
  Rendering sessions/new.html.erb within layouts/application
  Rendered sessions/new.html.erb within layouts/application (Duration: 3.4ms | GC: 0.0ms)
  Rendered layout layouts/application.html.erb (Duration: 5.1ms | GC: 0.0ms)
Completed 200 OK in 8ms (Views: 6.4ms | ActiveRecord: 0.0ms (0 queries, 0 cached) | GC: 0.0ms)


Started GET "/articles" for 127.0.0.1 at 2026-06-08 13:00:34 +0300
Processing by ArticlesController#index as HTML
  Rendering layout layouts/application.html.erb
  Rendering articles/index.html.erb within layouts/application
  [1m[36mArticle Load (0.3ms)[0m  [1m[34mSELECT "articles".* FROM "articles" WHERE "articles"."archived" = FALSE /*action='index',application='Store',controller='articles'*/[0m
  ↳ app/views/articles/index.html.erb:8
  Rendered articles/index.html.erb within layouts/application (Duration: 2.7ms | GC: 0.0ms)
  Rendered layout layouts/application.html.erb (Duration: 4.8ms | GC: 0.0ms)
Completed 200 OK in 8ms (Views: 5.5ms | ActiveRecord: 0.3ms (1 query, 0 cached) | GC: 0.0ms)


Started GET "/session/new" for 127.0.0.1 at 2026-06-08 13:00:35 +0300
Processing by SessionsController#new as HTML
  Rendering layout layouts/application.html.erb
  Rendering sessions/new.html.erb within layouts/application
  Rendered sessions/new.html.erb within layouts/application (Duration: 2.7ms | GC: 0.0ms)
  Rendered layout layouts/application.html.erb (Duration: 4.8ms | GC: 0.0ms)
Completed 200 OK in 7ms (Views: 5.6ms | ActiveRecord: 0.0ms (0 queries, 0 cached) | GC: 0.0ms)


Started GET "/sign_up" for 127.0.0.1 at 2026-06-08 13:00:35 +0300
Processing by RegistrationsController#new as HTML
  Rendering layout layouts/application.html.erb
  Rendering registrations/new.html.erb within layouts/application
  Rendered registrations/new.html.erb within layouts/application (Duration: 2.8ms | GC: 0.0ms)
  Rendered layout layouts/application.html.erb (Duration: 4.2ms | GC: 0.0ms)
Completed 200 OK in 6ms (Views: 4.9ms | ActiveRecord: 0.0ms (0 queries, 0 cached) | GC: 0.0ms)


Started GET "/articles" for 127.0.0.1 at 2026-06-08 13:00:36 +0300
Processing by ArticlesController#index as HTML
  Rendering layout layouts/application.html.erb
  Rendering articles/index.html.erb within layouts/application
  [1m[36mArticle Load (0.3ms)[0m  [1m[34mSELECT "articles".* FROM "articles" WHERE "articles"."archived" = FALSE /*action='index',application='Store',controller='articles'*/[0m
  ↳ app/views/articles/index.html.erb:8
  Rendered articles/index.html.erb within layouts/application (Duration: 2.2ms | GC: 0.0ms)
  Rendered layout layouts/application.html.erb (Duration: 4.0ms | GC: 0.0ms)
Completed 200 OK in 6ms (Views: 4.5ms | ActiveRecord: 0.2ms (1 query, 0 cached) | GC: 0.0ms)


Started GET "/session/new" for 127.0.0.1 at 2026-06-08 13:00:36 +0300
Processing by SessionsController#new as HTML
  Rendering layout layouts/application.html.erb
  Rendering sessions/new.html.erb within layouts/application
  Rendered sessions/new.html.erb within layouts/application (Duration: 1.1ms | GC: 0.0ms)
  Rendered layout layouts/application.html.erb (Duration: 1.8ms | GC: 0.0ms)
Completed 200 OK in 3ms (Views: 2.3ms | ActiveRecord: 0.0ms (0 queries, 0 cached) | GC: 0.0ms)


Started GET "/articles" for 127.0.0.1 at 2026-06-08 13:00:37 +0300
Processing by ArticlesController#index as HTML
  Rendering layout layouts/application.html.erb
  Rendering articles/index.html.erb within layouts/application
  [1m[36mArticle Load (0.3ms)[0m  [1m[34mSELECT "articles".* FROM "articles" WHERE "articles"."archived" = FALSE /*action='index',application='Store',controller='articles'*/[0m
  ↳ app/views/articles/index.html.erb:8
  Rendered articles/index.html.erb within layouts/application (Duration: 2.8ms | GC: 0.0ms)
  Rendered layout layouts/application.html.erb (Duration: 4.9ms | GC: 0.0ms)
Completed 200 OK in 7ms (Views: 5.3ms | ActiveRecord: 0.3ms (1 query, 0 cached) | GC: 0.0ms)


Started GET "/session/new" for 127.0.0.1 at 2026-06-08 13:00:38 +0300
Processing by SessionsController#new as HTML
  Rendering layout layouts/application.html.erb
  Rendering sessions/new.html.erb within layouts/application
  Rendered sessions/new.html.erb within layouts/application (Duration: 2.8ms | GC: 0.0ms)
  Rendered layout layouts/application.html.erb (Duration: 4.7ms | GC: 0.0ms)
Completed 200 OK in 7ms (Views: 5.5ms | ActiveRecord: 0.0ms (0 queries, 0 cached) | GC: 0.0ms)


Started GET "/session/new" for 127.0.0.1 at 2026-06-08 13:55:06 +0300
Processing by SessionsController#new as HTML
  Rendering layout layouts/application.html.erb
  Rendering sessions/new.html.erb within layouts/application
  Rendered sessions/new.html.erb within layouts/application (Duration: 2.0ms | GC: 0.0ms)
  Rendered layout layouts/application.html.erb (Duration: 2.8ms | GC: 0.0ms)
Completed 200 OK in 5ms (Views: 3.5ms | ActiveRecord: 0.0ms (0 queries, 0 cached) | GC: 0.0ms)


Started POST "/session" for 127.0.0.1 at 2026-06-08 13:55:14 +0300
Processing by SessionsController#create as TURBO_STREAM
  Parameters: {"authenticity_token" => "[FILTERED]", "email_address" => "[FILTERED]", "password" => "[FILTERED]", "commit" => "Sign in"}
[31mUnpermitted parameters: :authenticity_token, :commit. Context: { controller: SessionsController, action: create, request: #<ActionDispatch::Request:0x0000770414ec4250>, params: {"authenticity_token" => "[FILTERED]", "email_address" => "[FILTERED]", "password" => "[FILTERED]", "commit" => "Sign in", "controller" => "sessions", "action" => "create"} }[0m
  [1m[36mUser Load (3.9ms)[0m  [1m[34mSELECT "users".* FROM "users" WHERE "users"."email_address" = 'test@test.test' LIMIT 1 /*action='create',application='Store',controller='sessions'*/[0m
  ↳ app/controllers/sessions_controller.rb:9:in 'SessionsController#create'
  [1m[36mTRANSACTION (0.0ms)[0m  [1m[35mBEGIN immediate TRANSACTION /*action='create',application='Store',controller='sessions'*/[0m
  ↳ app/controllers/concerns/authentication.rb:42:in 'Authentication#start_new_session_for'
  [1m[36mSession Create (0.9ms)[0m  [1m[32mINSERT INTO "sessions" ("user_id", "ip_address", "user_agent", "created_at", "updated_at") VALUES (2, '127.0.0.1', 'Mozilla/5.0 (X11; Linux x86_64) AppleWebKit/537.36 (KHTML, like Gecko) Code/1.122.1 Chrome/142.0.7444.265 Electron/39.8.8 Safari/537.36', '2026-06-08 10:55:14.401220', '2026-06-08 10:55:14.401220') RETURNING "id" /*action='create',application='Store',controller='sessions'*/[0m
  ↳ app/controllers/concerns/authentication.rb:42:in 'Authentication#start_new_session_for'
  [1m[36mTRANSACTION (1.0ms)[0m  [1m[35mCOMMIT TRANSACTION /*action='create',application='Store',controller='sessions'*/[0m
  ↳ app/controllers/concerns/authentication.rb:42:in 'Authentication#start_new_session_for'
Redirected to http://127.0.0.1:3000/
↳ app/controllers/sessions_controller.rb:11:in 'SessionsController#create'
Completed 302 Found in 237ms (ActiveRecord: 6.0ms (2 queries, 0 cached) | GC: 5.5ms)


Started GET "/" for 127.0.0.1 at 2026-06-08 13:55:14 +0300
Processing by ArticlesController#index as TURBO_STREAM
  Rendering layout layouts/application.html.erb
  Rendering articles/index.html.erb within layouts/application
  [1m[36mSession Load (0.2ms)[0m  [1m[34mSELECT "sessions".* FROM "sessions" WHERE "sessions"."id" = 3 LIMIT 1 /*action='index',application='Store',controller='articles'*/[0m
  ↳ app/controllers/concerns/authentication.rb:29:in 'Authentication#find_session_by_cookie'
  [1m[36mArticle Load (0.1ms)[0m  [1m[34mSELECT "articles".* FROM "articles" WHERE "articles"."archived" = FALSE /*action='index',application='Store',controller='articles'*/[0m
  ↳ app/views/articles/index.html.erb:8
  Rendered articles/index.html.erb within layouts/application (Duration: 3.3ms | GC: 0.0ms)
  Rendered layout layouts/application.html.erb (Duration: 5.7ms | GC: 1.0ms)
Completed 200 OK in 7ms (Views: 6.1ms | ActiveRecord: 0.3ms (2 queries, 0 cached) | GC: 1.0ms)


Started GET "/articles/new" for 127.0.0.1 at 2026-06-08 13:55:16 +0300
Processing by ArticlesController#new as HTML
  [1m[36mSession Load (0.2ms)[0m  [1m[34mSELECT "sessions".* FROM "sessions" WHERE "sessions"."id" = 3 LIMIT 1 /*action='new',application='Store',controller='articles'*/[0m
  ↳ app/controllers/concerns/authentication.rb:29:in 'Authentication#find_session_by_cookie'
  [1m[36mUser Load (0.1ms)[0m  [1m[34mSELECT "users".* FROM "users" WHERE "users"."id" = 2 LIMIT 1 /*action='new',application='Store',controller='articles'*/[0m
  ↳ app/models/current.rb:3:in 'Current#user'
  Rendering layout layouts/application.html.erb
  Rendering articles/new.html.erb within layouts/application
  Rendered articles/_form.html.erb (Duration: 1.3ms | GC: 0.0ms)
  Rendered articles/new.html.erb within layouts/application (Duration: 1.8ms | GC: 0.0ms)
  Rendered layout layouts/application.html.erb (Duration: 3.2ms | GC: 0.6ms)
Completed 200 OK in 14ms (Views: 3.5ms | ActiveRecord: 0.6ms (2 queries, 0 cached) | GC: 1.6ms)


Started GET "/articles" for 127.0.0.1 at 2026-06-08 13:55:31 +0300
Processing by ArticlesController#index as HTML
  Rendering layout layouts/application.html.erb
  Rendering articles/index.html.erb within layouts/application
  [1m[36mSession Load (0.2ms)[0m  [1m[34mSELECT "sessions".* FROM "sessions" WHERE "sessions"."id" = 3 LIMIT 1 /*action='index',application='Store',controller='articles'*/[0m
  ↳ app/controllers/concerns/authentication.rb:29:in 'Authentication#find_session_by_cookie'
  [1m[36mArticle Load (0.2ms)[0m  [1m[34mSELECT "articles".* FROM "articles" WHERE "articles"."archived" = FALSE /*action='index',application='Store',controller='articles'*/[0m
  ↳ app/views/articles/index.html.erb:8
  Rendered articles/index.html.erb within layouts/application (Duration: 4.6ms | GC: 0.0ms)
  Rendered layout layouts/application.html.erb (Duration: 6.9ms | GC: 0.0ms)
Completed 200 OK in 9ms (Views: 7.2ms | ActiveRecord: 0.4ms (2 queries, 0 cached) | GC: 0.0ms)


Started POST "/articles" for 127.0.0.1 at 2026-06-08 13:55:32 +0300
Processing by ArticlesController#create as TURBO_STREAM
  Parameters: {"authenticity_token" => "[FILTERED]", "article" => {"title" => "test", "body" => "test", "image" => #<ActionDispatch::Http::UploadedFile:0x00007704154551b0 @tempfile=#<Tempfile:/tmp/RackMultipart20260608-50308-1g3jct.png>, @content_type="image/png", @original_filename="Screenshot from 2026-06-08 10-53-00.png", @headers="Content-Disposition: form-data; name=\"article[image]\"; filename=\"Screenshot from 2026-06-08 10-53-00.png\"\r\nContent-Type: image/png\r\n">}, "commit" => "Create Article"}
  [1m[36mSession Load (0.2ms)[0m  [1m[34mSELECT "sessions".* FROM "sessions" WHERE "sessions"."id" = 3 LIMIT 1 /*action='create',application='Store',controller='articles'*/[0m
  ↳ app/controllers/concerns/authentication.rb:29:in 'Authentication#find_session_by_cookie'
  [1m[36mUser Load (0.1ms)[0m  [1m[34mSELECT "users".* FROM "users" WHERE "users"."id" = 2 LIMIT 1 /*action='create',application='Store',controller='articles'*/[0m
  ↳ app/models/current.rb:3:in 'Current#user'
  [1m[36mTRANSACTION (0.1ms)[0m  [1m[35mBEGIN immediate TRANSACTION /*action='create',application='Store',controller='articles'*/[0m
  ↳ app/controllers/articles_controller.rb:26:in 'ArticlesController#create'
  [1m[36mArticle Create (1.2ms)[0m  [1m[32mINSERT INTO "articles" ("title", "body", "reports_count", "archived", "user_id", "created_at", "updated_at") VALUES ('test', 'test', 0, FALSE, 2, '2026-06-08 10:55:32.210556', '2026-06-08 10:55:32.210556') RETURNING "id" /*action='create',application='Store',controller='articles'*/[0m
  ↳ app/controllers/articles_controller.rb:26:in 'ArticlesController#create'
  [1m[36mActiveStorage::Blob Load (0.1ms)[0m  [1m[34mSELECT "active_storage_blobs".* FROM "active_storage_blobs" INNER JOIN "active_storage_attachments" ON "active_storage_blobs"."id" = "active_storage_attachments"."blob_id" WHERE "active_storage_attachments"."record_id" = 2 AND "active_storage_attachments"."record_type" = 'Article' AND "active_storage_attachments"."name" = 'image' LIMIT 1 /*action='create',application='Store',controller='articles'*/[0m
  ↳ app/controllers/articles_controller.rb:26:in 'ArticlesController#create'
  [1m[36mActiveStorage::Attachment Load (0.1ms)[0m  [1m[34mSELECT "active_storage_attachments".* FROM "active_storage_attachments" WHERE "active_storage_attachments"."record_id" = 2 AND "active_storage_attachments"."record_type" = 'Article' AND "active_storage_attachments"."name" = 'image' LIMIT 1 /*action='create',application='Store',controller='articles'*/[0m
  ↳ app/controllers/articles_controller.rb:26:in 'ArticlesController#create'
  [1m[36mActiveStorage::Blob Create (0.2ms)[0m  [1m[32mINSERT INTO "active_storage_blobs" ("key", "filename", "content_type", "metadata", "service_name", "byte_size", "checksum", "created_at") VALUES ('z04s69fybha39uoafkuyejlrnlug', 'Screenshot from 2026-06-08 10-53-00.png', 'image/png', '{"identified":true}', 'local', 196857, '3NHf3J7rOydYbwJIF0JVPw==', '2026-06-08 10:55:32.230714') RETURNING "id" /*action='create',application='Store',controller='articles'*/[0m
  ↳ app/controllers/articles_controller.rb:26:in 'ArticlesController#create'
  [1m[36mActiveStorage::Attachment Create (0.1ms)[0m  [1m[32mINSERT INTO "active_storage_attachments" ("name", "record_type", "record_id", "blob_id", "created_at") VALUES ('image', 'Article', 2, 1, '2026-06-08 10:55:32.232762') RETURNING "id" /*action='create',application='Store',controller='articles'*/[0m
  ↳ app/controllers/articles_controller.rb:26:in 'ArticlesController#create'
  [1m[36mArticle Update (0.0ms)[0m  [1m[33mUPDATE "articles" SET "updated_at" = '2026-06-08 10:55:32.234393' WHERE "articles"."id" = 2 /*action='create',application='Store',controller='articles'*/[0m
  ↳ app/controllers/articles_controller.rb:26:in 'ArticlesController#create'
  [1m[36mTRANSACTION (0.1ms)[0m  [1m[35mCOMMIT TRANSACTION /*action='create',application='Store',controller='articles'*/[0m
  ↳ app/controllers/articles_controller.rb:26:in 'ArticlesController#create'
[36m  Disk Storage (0.7ms) [0m[32mUploaded file to key: z04s69fybha39uoafkuyejlrnlug (checksum: 3NHf3J7rOydYbwJIF0JVPw==)[0m
[ActiveJob] Enqueued ActiveStorage::AnalyzeJob (Job ID: da185736-a489-4480-8baa-1622e7d1e63b) to Async(default) with arguments: #<GlobalID:0x000077041523a880 @uri=#<URI::GID gid://store/ActiveStorage::Blob/1>>
[ActiveJob] ↳ app/controllers/articles_controller.rb:26:in 'ArticlesController#create'
Redirected to http://127.0.0.1:3000/articles/2
[ActiveJob] [ActiveStorage::AnalyzeJob] [da185736-a489-4480-8baa-1622e7d1e63b]   [1m[36mActiveStorage::Blob Load (0.7ms)[0m  [1m[34mSELECT "active_storage_blobs".* FROM "active_storage_blobs" WHERE "active_storage_blobs"."id" = 1 LIMIT 1 /*application='Store'*/[0m
↳ app/controllers/articles_controller.rb:27:in 'ArticlesController#create'
[ActiveJob] [ActiveStorage::AnalyzeJob] [da185736-a489-4480-8baa-1622e7d1e63b] Performing ActiveStorage::AnalyzeJob (Job ID: da185736-a489-4480-8baa-1622e7d1e63b) from Async(default) enqueued at 2026-06-08T10:55:32.259567529Z with arguments: #<GlobalID:0x0000770415198f30 @uri=#<URI::GID gid://store/ActiveStorage::Blob/1>>
Completed 302 Found in 88ms (ActiveRecord: 2.7ms (8 queries, 0 cached) | GC: 4.5ms)


[ActiveJob] [ActiveStorage::AnalyzeJob] [da185736-a489-4480-8baa-1622e7d1e63b] Skipping image analysis because the ruby-vips gem isn't installed
[ActiveJob] [ActiveStorage::AnalyzeJob] [da185736-a489-4480-8baa-1622e7d1e63b]   [1m[36mTRANSACTION (0.1ms)[0m  [1m[35mBEGIN immediate TRANSACTION /*application='Store',job='ActiveStorage%3A%3AAnalyzeJob'*/[0m
[ActiveJob] [ActiveStorage::AnalyzeJob] [da185736-a489-4480-8baa-1622e7d1e63b]   [1m[36mActiveStorage::Blob Update (2.1ms)[0m  [1m[33mUPDATE "active_storage_blobs" SET "metadata" = '{"identified":true,"analyzed":true}' WHERE "active_storage_blobs"."id" = 1 /*application='Store',job='ActiveStorage%3A%3AAnalyzeJob'*/[0m
[ActiveJob] [ActiveStorage::AnalyzeJob] [da185736-a489-4480-8baa-1622e7d1e63b]   [1m[36mActiveStorage::Attachment Load (0.1ms)[0m  [1m[34mSELECT "active_storage_attachments".* FROM "active_storage_attachments" WHERE "active_storage_attachments"."blob_id" = 1 /*application='Store',job='ActiveStorage%3A%3AAnalyzeJob'*/[0m
[ActiveJob] [ActiveStorage::AnalyzeJob] [da185736-a489-4480-8baa-1622e7d1e63b]   [1m[36mArticle Load (0.2ms)[0m  [1m[34mSELECT "articles".* FROM "articles" WHERE "articles"."id" = 2 /*application='Store',job='ActiveStorage%3A%3AAnalyzeJob'*/[0m
[ActiveJob] [ActiveStorage::AnalyzeJob] [da185736-a489-4480-8baa-1622e7d1e63b]   [1m[36mArticle Update (0.1ms)[0m  [1m[33mUPDATE "articles" SET "updated_at" = '2026-06-08 10:55:32.290849' WHERE "articles"."id" = 2 /*application='Store',job='ActiveStorage%3A%3AAnalyzeJob'*/[0m
Started GET "/articles/2" for 127.0.0.1 at 2026-06-08 13:55:32 +0300
[ActiveJob] [ActiveStorage::AnalyzeJob] [da185736-a489-4480-8baa-1622e7d1e63b]   [1m[36mTRANSACTION (0.1ms)[0m  [1m[35mCOMMIT TRANSACTION /*application='Store',job='ActiveStorage%3A%3AAnalyzeJob'*/[0m
[ActiveJob] [ActiveStorage::AnalyzeJob] [da185736-a489-4480-8baa-1622e7d1e63b] Performed ActiveStorage::AnalyzeJob (Job ID: da185736-a489-4480-8baa-1622e7d1e63b) from Async(default) in 33.32ms
Processing by ArticlesController#show as TURBO_STREAM
  Parameters: {"id" => "2"}
  [1m[36mArticle Load (0.2ms)[0m  [1m[34mSELECT "articles".* FROM "articles" WHERE "articles"."id" = 2 LIMIT 1 /*action='show',application='Store',controller='articles'*/[0m
  ↳ app/controllers/articles_controller.rb:60:in 'ArticlesController#set_article'
  Rendering layout layouts/application.html.erb
  Rendering articles/show.html.erb within layouts/application
  [1m[36mActiveStorage::Attachment Load (0.2ms)[0m  [1m[34mSELECT "active_storage_attachments".* FROM "active_storage_attachments" WHERE "active_storage_attachments"."record_id" = 2 AND "active_storage_attachments"."record_type" = 'Article' AND "active_storage_attachments"."name" = 'image' LIMIT 1 /*action='show',application='Store',controller='articles'*/[0m
  ↳ app/views/articles/show.html.erb:8
  [1m[36mActiveStorage::Blob Load (0.1ms)[0m  [1m[34mSELECT "active_storage_blobs".* FROM "active_storage_blobs" WHERE "active_storage_blobs"."id" = 1 LIMIT 1 /*action='show',application='Store',controller='articles'*/[0m
  ↳ app/views/articles/show.html.erb:9
  [1m[36mSession Load (0.1ms)[0m  [1m[34mSELECT "sessions".* FROM "sessions" WHERE "sessions"."id" = 3 LIMIT 1 /*action='show',application='Store',controller='articles'*/[0m
  ↳ app/controllers/concerns/authentication.rb:29:in 'Authentication#find_session_by_cookie'
  [1m[36mUser Load (0.1ms)[0m  [1m[34mSELECT "users".* FROM "users" WHERE "users"."id" = 2 LIMIT 1 /*action='show',application='Store',controller='articles'*/[0m
  ↳ app/views/articles/show.html.erb:14
  [1m[36mCACHE User Load (0.0ms)[0m  [1m[34mSELECT "users".* FROM "users" WHERE "users"."id" = 2 LIMIT 1[0m
  ↳ app/models/current.rb:3:in 'Current#user'
  Rendered articles/show.html.erb within layouts/application (Duration: 8.6ms | GC: 0.0ms)
  Rendered layout layouts/application.html.erb (Duration: 10.5ms | GC: 0.3ms)
Completed 200 OK in 14ms (Views: 10.5ms | ActiveRecord: 0.6ms (6 queries, 1 cached) | GC: 0.3ms)


Started GET "/rails/active_storage/blobs/redirect/eyJfcmFpbHMiOnsiZGF0YSI6MSwicHVyIjoiYmxvYl9pZCJ9fQ==--ec6fcfe5ba7f54a2461bc71d3827b494d5e3ee90/Screenshot%20from%202026-06-08%2010-53-00.png" for 127.0.0.1 at 2026-06-08 13:55:32 +0300
Processing by ActiveStorage::Blobs::RedirectController#show as PNG
  Parameters: {"signed_id" => "eyJfcmFpbHMiOnsiZGF0YSI6MSwicHVyIjoiYmxvYl9pZCJ9fQ==--ec6fcfe5ba7f54a2461bc71d3827b494d5e3ee90", "filename" => "Screenshot from 2026-06-08 10-53-00"}
  [1m[36mActiveStorage::Blob Load (0.2ms)[0m  [1m[34mSELECT "active_storage_blobs".* FROM "active_storage_blobs" WHERE "active_storage_blobs"."id" = 1 LIMIT 1 /*action='show',application='Store',controller='redirect'*/[0m
[36m  Disk Storage (0.9ms) [0m[34mGenerated URL for file at key: z04s69fybha39uoafkuyejlrnlug (http://127.0.0.1:3000/rails/active_storage/disk/eyJfcmFpbHMiOnsiZGF0YSI6eyJrZXkiOiJ6MDRzNjlmeWJoYTM5dW9hZmt1eWVqbHJubHVnIiwiZGlzcG9zaXRpb24iOiJpbmxpbmU7IGZpbGVuYW1lPVwiU2NyZWVuc2hvdCBmcm9tIDIwMjYtMDYtMDggMTAtNTMtMDAucG5nXCI7IGZpbGVuYW1lKj1VVEYtOCcnU2NyZWVuc2hvdCUyMGZyb20lMjAyMDI2LTA2LTA4JTIwMTAtNTMtMDAucG5nIiwiY29udGVudF90eXBlIjoiaW1hZ2UvcG5nIiwic2VydmljZV9uYW1lIjoibG9jYWwifSwiZXhwIjoiMjAyNi0wNi0wOFQxMTowMDozMi4zNDlaIiwicHVyIjoiYmxvYl9rZXkifX0=--8b8bec37cc0e0657e9b8fb2dca63ddf3644cf80f/Screenshot%20from%202026-06-08%2010-53-00.png)[0m
Redirected to http://127.0.0.1:3000/rails/active_storage/disk/eyJfcmFpbHMiOnsiZGF0YSI6eyJrZXkiOiJ6MDRzNjlmeWJoYTM5dW9hZmt1eWVqbHJubHVnIiwiZGlzcG9zaXRpb24iOiJpbmxpbmU7IGZpbGVuYW1lPVwiU2NyZWVuc2hvdCBmcm9tIDIwMjYtMDYtMDggMTAtNTMtMDAucG5nXCI7IGZpbGVuYW1lKj1VVEYtOCcnU2NyZWVuc2hvdCUyMGZyb20lMjAyMDI2LTA2LTA4JTIwMTAtNTMtMDAucG5nIiwiY29udGVudF90eXBlIjoiaW1hZ2UvcG5nIiwic2VydmljZV9uYW1lIjoibG9jYWwifSwiZXhwIjoiMjAyNi0wNi0wOFQxMTowMDozMi4zNDlaIiwicHVyIjoiYmxvYl9rZXkifX0=--8b8bec37cc0e0657e9b8fb2dca63ddf3644cf80f/Screenshot%20from%202026-06-08%2010-53-00.png
Completed 302 Found in 7ms (ActiveRecord: 0.2ms (1 query, 0 cached) | GC: 0.0ms)


Started GET "/rails/active_storage/disk/eyJfcmFpbHMiOnsiZGF0YSI6eyJrZXkiOiJ6MDRzNjlmeWJoYTM5dW9hZmt1eWVqbHJubHVnIiwiZGlzcG9zaXRpb24iOiJpbmxpbmU7IGZpbGVuYW1lPVwiU2NyZWVuc2hvdCBmcm9tIDIwMjYtMDYtMDggMTAtNTMtMDAucG5nXCI7IGZpbGVuYW1lKj1VVEYtOCcnU2NyZWVuc2hvdCUyMGZyb20lMjAyMDI2LTA2LTA4JTIwMTAtNTMtMDAucG5nIiwiY29udGVudF90eXBlIjoiaW1hZ2UvcG5nIiwic2VydmljZV9uYW1lIjoibG9jYWwifSwiZXhwIjoiMjAyNi0wNi0wOFQxMTowMDozMi4zNDlaIiwicHVyIjoiYmxvYl9rZXkifX0=--8b8bec37cc0e0657e9b8fb2dca63ddf3644cf80f/Screenshot%20from%202026-06-08%2010-53-00.png" for 127.0.0.1 at 2026-06-08 13:55:32 +0300
Processing by ActiveStorage::DiskController#show as PNG
  Parameters: {"encoded_key" => "[FILTERED]", "filename" => "Screenshot from 2026-06-08 10-53-00"}
Completed 200 OK in 1ms (ActiveRecord: 0.0ms (0 queries, 0 cached) | GC: 0.0ms)


Started GET "/articles/2/edit" for 127.0.0.1 at 2026-06-08 13:55:35 +0300
Processing by ArticlesController#edit as HTML
  Parameters: {"id" => "2"}
  [1m[36mArticle Load (0.3ms)[0m  [1m[34mSELECT "articles".* FROM "articles" WHERE "articles"."id" = 2 LIMIT 1 /*action='edit',application='Store',controller='articles'*/[0m
  ↳ app/controllers/articles_controller.rb:60:in 'ArticlesController#set_article'
  [1m[36mSession Load (0.2ms)[0m  [1m[34mSELECT "sessions".* FROM "sessions" WHERE "sessions"."id" = 3 LIMIT 1 /*action='edit',application='Store',controller='articles'*/[0m
  ↳ app/controllers/concerns/authentication.rb:29:in 'Authentication#find_session_by_cookie'
  [1m[36mUser Load (0.1ms)[0m  [1m[34mSELECT "users".* FROM "users" WHERE "users"."id" = 2 LIMIT 1 /*action='edit',application='Store',controller='articles'*/[0m
  ↳ app/controllers/articles_controller.rb:64:in 'ArticlesController#authorize_owner'
  [1m[36mCACHE User Load (0.0ms)[0m  [1m[34mSELECT "users".* FROM "users" WHERE "users"."id" = 2 LIMIT 1[0m
  ↳ app/models/current.rb:3:in 'Current#user'
  Rendering layout layouts/application.html.erb
  Rendering articles/edit.html.erb within layouts/application
  Rendered articles/_form.html.erb (Duration: 1.2ms | GC: 0.0ms)
  Rendered articles/edit.html.erb within layouts/application (Duration: 1.7ms | GC: 0.0ms)
  Rendered layout layouts/application.html.erb (Duration: 2.4ms | GC: 0.0ms)
Completed 200 OK in 23ms (Views: 2.9ms | ActiveRecord: 0.6ms (4 queries, 1 cached) | GC: 0.0ms)


Started GET "/articles/2/edit" for 127.0.0.1 at 2026-06-08 13:55:37 +0300
Processing by ArticlesController#edit as HTML
  Parameters: {"id" => "2"}
  [1m[36mArticle Load (0.1ms)[0m  [1m[34mSELECT "articles".* FROM "articles" WHERE "articles"."id" = 2 LIMIT 1 /*action='edit',application='Store',controller='articles'*/[0m
  ↳ app/controllers/articles_controller.rb:60:in 'ArticlesController#set_article'
  [1m[36mSession Load (0.1ms)[0m  [1m[34mSELECT "sessions".* FROM "sessions" WHERE "sessions"."id" = 3 LIMIT 1 /*action='edit',application='Store',controller='articles'*/[0m
  ↳ app/controllers/concerns/authentication.rb:29:in 'Authentication#find_session_by_cookie'
  [1m[36mUser Load (0.1ms)[0m  [1m[34mSELECT "users".* FROM "users" WHERE "users"."id" = 2 LIMIT 1 /*action='edit',application='Store',controller='articles'*/[0m
  ↳ app/controllers/articles_controller.rb:64:in 'ArticlesController#authorize_owner'
  [1m[36mCACHE User Load (0.0ms)[0m  [1m[34mSELECT "users".* FROM "users" WHERE "users"."id" = 2 LIMIT 1[0m
  ↳ app/models/current.rb:3:in 'Current#user'
  Rendering layout layouts/application.html.erb
  Rendering articles/edit.html.erb within layouts/application
  Rendered articles/_form.html.erb (Duration: 1.0ms | GC: 0.0ms)
  Rendered articles/edit.html.erb within layouts/application (Duration: 1.2ms | GC: 0.0ms)
  Rendered layout layouts/application.html.erb (Duration: 1.8ms | GC: 0.0ms)
Completed 200 OK in 6ms (Views: 2.1ms | ActiveRecord: 0.2ms (4 queries, 1 cached) | GC: 0.0ms)


Started GET "/" for ::1 at 2026-06-08 15:42:23 +0300
Processing by ArticlesController#index as HTML
  Rendering layout layouts/application.html.erb
  Rendering articles/index.html.erb within layouts/application
  [1m[36mArticle Load (0.8ms)[0m  [1m[34mSELECT "articles".* FROM "articles" WHERE "articles"."archived" = FALSE /*action='index',application='Store',controller='articles'*/[0m
  ↳ app/views/articles/index.html.erb:8
  [1m[36mUser Load (0.1ms)[0m  [1m[34mSELECT "users".* FROM "users" WHERE "users"."id" = 2 LIMIT 1 /*action='index',application='Store',controller='articles'*/[0m
  ↳ app/views/articles/index.html.erb:15
  Rendered articles/index.html.erb within layouts/application (Duration: 3.5ms | GC: 0.0ms)
  Rendered layout layouts/application.html.erb (Duration: 4.6ms | GC: 0.0ms)
Completed 200 OK in 6ms (Views: 4.5ms | ActiveRecord: 0.9ms (2 queries, 0 cached) | GC: 0.4ms)


